131074
2
3
5
6
131076
11
12
13
14
15
16
17
18
19
20
21
22
262165
24
25
26
27
28
131098
262169
262176
33
35
262179
38
131116
55
262199
131128
58
59
393277
62
63
64
65
66
67
68
69
70
71
73
74
75
76
77
78
79
80
81
82
83
262227
85
86
87
88
89
90
91
92
93
262234
95
96
97
98
99
100
101
102
103
104
105
106
107
108
109
110
111
112
113
114
115
116
117
118
262260
120
121
122
123
124
262267
131194
127
128
129
393345
132
133
134
135
136
137
138
139
140
141
142
143
144
145
146
147
148
149
150
393367
152
153
154
155
156
157
158
159
160
161
162
163
164
165
166
167
168
169
170
171
172
173
174
175
176
177
178
179
180
131244
182
183
184
185
186
187
189
393407
192
193
194
195
196
197
198
199
200
201
262338
203
204
205
206
207
211
212
213
214
215
216
217
218
219
220
221
222
223
224
225
226
227
228
229
393441
231
232
233
234
235
236
237
238
239
240
241
242
243
244
245
131313
247
248
249
250
251
252
253
246
255
254
257
258
259
260
261
262
131334
265
266
267
268
269
271
272
273
274
275
276
277
278
279
280
281
131351
284
285
286
287
288
289
290
291
292
293
294
131360
296
297
298
299
300
301
302
303
393519
393521
306
307
308
309
310
311
312
313
314
315
316
317
318
319
320
321
322
326
327
131398
329
330
331
332
333
334
335
336
337
338
339
340
342
343
344
345
346
347
348
349
350
393562
393559
393561
262500
393575
262504
363
364
262509
131435
262514
262517
377
378
379
380
381
262522
383
262528
131457
131455
387
388
389
390
391
392
393
131460
395
396
397
398
262543
400
401
402
403
404
405
406
407
408
409
410
411
131476
131478
414
415
262551
131488
131485
131491
131492
421
422
423
424
425
426
427
428
429
430
431
131504
433
434
435
436
437
438
439
440
441
131507
393659
393656
445
131509
393658
451
452
453
454
455
457
458
459
460
462
464
465
466
467
468
469
470
471
262609
473
475
476
479
480
481
482
483
393695
488
489
490
492
493
494
496
497
393712
499
500
501
502
503
504
505
506
507
508
509
510
511
512
513
131585
393729
393731
393732
521
522
523
524
525
526
527
262668
530
531
532
533
534
535
537
539
540
541
542
543
544
546
547
548
549
550
551
552
553
554
262696
393764
557
558
559
560
561
562
563
564
565
131631
567
568
131634
570
571
572
573
574
575
576
577
578
579
580
581
582
583
584
585
586
587
588
131653
590
591
592
593
594
595
596
597
598
599
600
601
602
603
604
605
606
607
608
609
131673
262755
612
613
614
615
616
617
618
619
620
621
622
623
624
625
626
627
628
629
630
631
632
633
634
635
636
637
638
639
640
641
642
643
644
262780
646
647
648
649
650
651
652
653
654
655
131723
657
658
659
660
661
662
663
664
665
666
667
668
669
670
671
672
673
674
675
676
677
678
679
680
681
682
131753
685
686
687
688
689
690
691
692
693
694
695
696
697
698
699
700
701
702
703
704
705
706
707
708
709
710
711
712
713
714
131781
131783
131785
131792
262866
393939
131799
262871
393945
131805
393949
742
131815
744
745
746
747
393961
131821
750
751
752
753
754
755
756
757
758
759
760
761
762
763
764
765
766
767
768
769
770
771
772
773
131837
775
776
777
778
779
780
781
782
783
784
786
787
788
789
790
791
792
793
794
795
796
797
131861
798
800
801
802
803
804
805
806
807
808
809
810
811
812
813
814
131880
816
817
818
819
820
821
131894
131895
823
824
825
826
827
828
829
830
831
832
833
834
262976
836
837
838
839
840
841
842
843
844
845
846
847
848
849
850
851
262988
853
854
855
856
857
858
859
860
861
862
863
864
525153
865
867
866
869
870
871
872
873
874
875
868
877
878
879
880
881
263019
883
884
131958
131957
886
887
888
889
890
891
892
263032
895
896
897
898
899
900
901
902
903
131975
905
394117
907
909
910
911
912
913
914
916
917
918
919
920
921
922
923
924
925
926
927
928
929
263065
931
932
934
935
936
938
939
940
941
942
943
944
132012
946
947
948
949
950
951
953
954
955
956
957
394170
132030
394176
961
962
963
964
965
966
967
968
263105
263109
263112
263115
394189
394185
975
976
977
978
979
980
981
982
983
984
985
986
987
988
989
990
991
992
993
994
995
996
132064
132067
394223
394224
132085
1018
132094
1023
1024
394244
1039
1040
394260
1049
1050
1051
1052
132122
394269
132128
263200
1058
1059
132131
132133
132137
132141
132144
1073
1075
132148
263222
132150
1088
1089
1090
1091
1092
1093
132166
1103
132177
132183
1114
1115
1116
263260
1123
1124
1125
1126
1127
263270
132201
263281
394374
132232
1162
1163
1164
1165
132236
394385
263314
132250
132263
394412
132269
263341
394415
394423
132284
1213
132298
1244
1245
1246
1247
1248
1249
1250
1251
1252
1253
1254
1255
132328
1257
394470
1259
132332
1260
1262
132335
1265
1266
1267
1268
1269
132342
1271
1272
1273
132344
263416
263412
1277
1278
1279
1280
1281
1282
394499
394500
1285
132363
1294
132379
263456
394528
132386
132392
394537
263471
263472
132422
525641
132426
1358
1359
1360
1363
1364
1365
1366
1367
1368
1369
1370
1371
1372
1373
1374
1375
1376
1377
1378
1379
1380
1381
1382
263524
1387
263532
1389
1391
1392
1393
1394
132466
1396
1398
1402
1403
1404
1405
1406
1407
1408
1410
1411
1412
1413
1414
1415
132482
1417
1418
1419
1420
1421
1422
263564
394632
263568
1427
1428
1429
1430
394645
1433
132506
1435
1436
263582
1439
1440
1441
394654
1443
1444
394661
132518
1448
1450
1452
394668
263600
132540
394684
263614
132542
394689
394692
1479
1480
1481
1482
1483
1484
1485
132551
1487
1488
132561
263627
1491
1492
1493
1494
1495
1496
1497
1498
1499
394723
1523
132597
132601
1534
1535
132608
1537
1538
1539
1540
1541
1542
1543
1544
394759
1546
1547
1548
1549
1550
1551
1552
1553
1554
1555
1556
1557
132625
1559
1560
1561
1562
1563
1566
1567
1568
132641
1571
1572
1573
1574
1576
1577
1578
1579
1580
1581
132654
1584
1585
1586
1587
1588
1589
1590
1591
1592
1593
1594
1595
394812
1597
1598
1599
1600
1596
394822
1607
1608
1609
1610
1611
1613
394830
1615
1616
1618
1619
1620
1621
1622
1623
1624
132696
1626
1627
1628
1629
1630
1631
1632
1633
1634
1635
1636
1637
132709
1639
1640
1641
1642
1643
1644
1645
1646
1647
525936
1648
1649
1651
263794
132725
1654
1653
1656
1652
1655
1659
1660
1661
1662
1665
1666
1667
1669
1672
132744
1673
1675
1676
1677
1678
1679
1680
263823
1682
1683
263828
1685
1686
1687
1688
1689
1690
1691
132759
132765
1694
1696
1697
1698
1700
1701
1702
394918
1705
1710
263855
1712
1713
1714
1715
1716
1717
1718
1719
1720
1721
1722
1723
1724
1725
1726
1727
263865
1729
1730
1731
1732
263873
1734
1735
1736
1738
132812
263910
263913
1770
1771
1772
1773
1774
1775
1776
1777
1778
1779
263915
1781
1782
1783
1785
1786
1787
1788
1789
132859
1791
1792
1793
1790
132873
1802
1803
263945
1807
1808
1809
1810
1811
1812
1813
132883
1815
1816
1817
1818
1819
132887
132892
132894
1824
1825
1826
1829
1830
1831
1832
1833
1834
1835
1836
1837
1838
263976
1840
1841
1842
1843
1844
1845
1846
1847
263986
1849
1850
1848
1852
1853
1855
132928
1857
1858
1859
1862
1863
132936
1865
264006
132939
132942
1871
1872
1873
1874
1870
1875
132947
1878
1879
1880
1877
1882
1883
1885
132957
1887
1888
132961
1890
1891
1892
1893
1894
1895
1896
264038
264036
1899
1900
1901
1902
1903
1904
264048
1906
1907
1908
1909
395119
1911
1912
1913
1914
1915
1917
1918
1919
1920
1921
1922
1923
1924
264061
1926
1927
264068
1930
1931
1933
1934
1936
1937
133008
1939
1938
1941
1942
1940
1944
1945
1946
1947
1948
1949
1950
1951
133016
1954
1955
1956
1957
1958
1959
264098
1961
1963
1964
1965
1966
1967
1968
1969
1970
264113
395181
1975
1976
1977
1978
1979
526268
1984
1985
1986
1987
1988
1989
1990
1991
1992
1993
1994
1995
1996
1997
1998
1999
2000
2001
2002
2003
2004
2005
2006
2007
2008
2009
2010
2011
2012
2013
2014
2015
2016
2017
2018
2019
2020
2021
2022
2023
2024
264166
2026
264171
2028
2029
264170
133094
2033
2034
2037
2038
2039
2042
133115
2043
2045
2046
2047
2048
2044
2049
133119
133123
2054
2055
2056
2057
2058
2059
133131
2061
2062
264206
2064
133137
395278
2067
2069
2071
2074
2075
133148
2077
2078
2079
2080
2082
264227
2084
2085
2086
2087
2088
2089
133160
2091
2093
2094
2095
2097
2098
2099
2100
264241
133174
2103
2104
2105
2106
2107
2108
2109
2110
2111
2112
133181
2114
2115
2116
2117
2118
2119
133192
264264
2122
2123
2124
133197
264269
133200
264273
133202
2132
2133
2134
2135
2139
2140
2141
2142
2143
2144
133213
2148
2149
2151
2152
2153
2154
2155
395369
2157
2160
2161
2162
2163
2164
2165
264309
2166
2168
133241
2169
2171
2172
2176
2179
2180
2182
133255
2185
2186
2189
2192
2193
264337
2195
2196
2197
2199
2200
2202
2207
2210
2211
2212
264357
133284
133290
395442
2232
395448
395452
2239
2241
395458
264389
2246
264393
2251
2252
2253
264397
2255
133328
264401
395474
2259
2260
2261
2262
2263
2264
395476
2266
2267
2268
2269
2270
133339
395479
2265
2274
2275
264418
2277
264420
2280
2282
2284
2286
2287
2288
2289
2290
2291
2292
2293
2294
2295
395511
2297
133369
2300
133373
2302
264449
2307
2309
133382
2310
2312
2313
264454
395531
2319
2320
2321
2322
2323
133396
2325
2324
264471
2330
2331
2332
2333
2334
2335
264480
264482
395560
2348
2349
2355
2357
2359
2360
2362
2363
133434
133441
2370
2371
133446
133448
264525
2383
395599
133458
133459
264530
2389
2392
2395
133467
133469
264553
264555
133485
264560
133491
264567
264569
2428
264573
2433
2436
264581
2438
2440
2441
133515
264589
2447
133521
133523
2453
2454
2455
2457
2459
2462
2463
2464
2469
2470
133545
133548
2486
2487
133558
133560
264633
133563
2493
133569
264644
2501
2502
133575
2503
264646
133574
395726
264656
264660
2517
2516
2525
2527
2528
133601
133603
264680
2539
264689
2546
395763
395769
264698
2565
2566
2567
133643
2574
2575
2576
2577
264723
264725
395800
264729
2587
2588
2593
2594
133666
264741
395814
395815
264746
2604
2605
2608
2609
2610
2611
2612
2613
2614
133684
2616
2617
264760
2619
2620
2621
133694
2623
264767
2625
133698
264763
395844
133701
133704
2636
2637
2639
2640
2642
133715
2648
2649
2652
395869
2654
2655
2657
2661
2662
133736
2665
2666
2667
2668
2669
133741
2671
133738
395883
2675
133750
2687
2690
133764
2694
2698
395914
2701
133781
395925
133788
133790
133792
2721
2722
2728
2731
133805
2734
2742
2748
2749
2750
133823
2752
2753
2754
2755
2756
2757
2758
2759
2760
2761
2762
133827
133831
133836
133838
2767
2768
2769
2770
2771
2764
395985
395982
395991
395992
2777
2778
2779
395993
395990
2786
2787
2788
2789
396004
2791
2798
264943
2800
2805
133879
2813
2814
2817
2830
2832
264978
2841
133919
264999
133931
2860
2861
265010
133941
265016
265018
265019
396093
133953
2882
133958
2887
2890
2891
2892
396109
2894
2895
133964
2897
2898
2899
2900
2896
2893
133977
2907
2909
2911
2912
133983
2923
2924
2925
2926
2928
2929
396152
265082
134012
134018
265095
2959
396175
2963
265111
2969
2971
2972
2973
2974
2976
2977
2978
2981
2982
134053
2984
2985
2988
2989
2990
2993
2994
2998
3001
3003
3004
3007
3009
3010
3011
3012
3013
3014
3015
3016
396232
265159
3019
396227
3021
3022
3023
3024
265169
3026
3025
3028
3029
3027
3031
3033
3034
3035
3036
3037
265180
265177
3040
3041
3042
3043
265189
396263
3048
3049
3050
3051
3052
3053
3054
3055
265195
134126
265193
3059
3060
3061
3062
3063
3064
3065
134132
265208
134136
3072
3073
3074
3075
3076
3077
3078
3079
3080
3081
3082
3083
3084
3085
3086
3087
3088
3089
3090
265226
3092
3093
134158
134168
3097
134171
3101
3102
3103
3104
3105
3107
3109
3110
3111
3112
3114
3115
3116
3117
134186
396330
3121
3122
3125
3127
134201
3131
3132
3133
3134
134209
134213
134215
3144
3145
3146
396362
3149
134223
3151
265297
396371
3159
3160
3163
3164
134238
3166
3168
3170
265314
3172
3173
3175
3176
3177
396394
3179
396395
396392
396398
134255
3178
265329
265330
134265
3201
3202
265349
396422
265351
3208
3210
3216
134308
265394
396493
134350
265426
134355
134360
265432
134362
3291
3293
134366
134368
134371
134372
134374
134375
265449
3309
134390
396535
134394
134397
134409
134411
396557
134415
3347
265491
265497
134427
134435
134439
396588
134446
134450
134458
134459
265531
134463
134465
3396
3397
134472
396616
134474
134475
134476
3405
134478
134477
134480
3412
3418
265563
3421
3423
3424
3426
396643
3427
3432
265579
134522
134523
134525
134539
3469
3471
3472
3475
3476
3478
3479
3480
3481
3482
3483
3484
3485
3486
3489
265640
134569
3509
3511
3512
134584
3515
3520
3521
3523
3525
3526
3527
134597
3529
134602
265672
396744
3536
3537
134608
3539
134613
3541
3543
134618
3547
3549
3554
3556
3558
396774
3560
134632
396777
3563
3565
265712
3573
3574
3575
3576
3577
3578
265717
3580
3581
3582
396797
134656
3586
3587
3589
134662
3591
3592
3593
3594
3595
3596
3597
3598
396810
3600
134673
3602
3603
3604
134679
134680
265752
134688
265760
134693
3632
134705
3635
3638
3640
134719
265793
134732
134733
134738
265811
134742
134743
134746
134750
3681
3682
3683
396899
134754
3686
265832
134761
3688
3692
3697
3698
3699
265841
3701
134774
265845
396920
396917
265851
134782
134784
3716
396940
134799
134803
134806
134810
134812
396965
265895
134834
3763
3764
3766
3767
265910
134841
396987
3777
3780
3782
3784
265929
3786
397003
265934
134881
134890
265966
134901
134908
265982
134914
397075
3865
3870
3875
3877
266022
397093
266030
266031
266034
266036
266038
774
266040
266044
3902
266047
266058
266061
134990
397137
3924
134998
3931
3933
3934
3935
266080
3937
266082
266083
3936
3938
3941
135015
3943
3939
3942
3940
3944
266084
266102
3959
3961
3962
266108
3966
3967
3968
135047
3980
3981
266128
3989
135061
266135
135067
135073
4011
4012
799
4024
4025
397243
4031
4032
4034
4043
4049
4050
4051
135126
397278
135161
266235
266236
815
4104
4105
266249
4107
4108
266254
4111
4112
135185
135195
135198
135199
135200
135204
4133
4134
266279
822
135210
4140
4141
266285
135214
4146
4147
4148
397365
266294
135225
4154
4155
4156
4157
131085
135237
4169
4170
4171
266316
4173
4174
4175
4176
397389
4180
4182
266331
135260
397403
4191
4192
4193
4194
4195
4196
4199
397415
4201
4202
4203
4204
135275
397422
266351
135281
266353
135286
4226
397442
4228
266373
4232
4233
4234
4235
135307
135309
135312
4241
4244
135317
397461
4247
4248
4250
4251
4252
4253
4254
266396
4256
4257
4258
4255
266400
135335
135337
4266
4267
4271
4272
266417
4274
266419
4279
4281
266425
4283
4284
4286
852
4288
266433
4289
4291
135362
4290
4292
397511
4296
135368
266442
397514
397517
397520
4307
135380
4311
135385
397538
135397
4326
4327
397549
397552
4337
4338
4339
4344
135418
4347
4348
4349
4351
397567
266500
4365
4366
397582
4368
4369
4374
4375
4377
4379
4380
266525
266524
397601
266537
135465
266540
266541
4398
135473
135482
4412
4413
266558
4415
4419
266563
4421
135504
4435
4436
4437
135510
4441
4442
266586
4443
885
4454
266601
4457
4459
4460
4461
4462
397674
4464
135536
135545
4474
4475
4476
4477
4478
135547
4480
4481
4482
4483
4484
4485
4486
4479
4488
397704
135561
4494
4495
266639
4497
4498
4499
135571
397717
266647
397722
4507
135579
4512
4513
4515
4516
4517
4518
4519
4520
4523
135595
4526
4527
4528
4529
135598
4532
4534
4535
4538
4539
4540
135614
4543
266687
266689
4546
4547
4550
4551
4552
4553
266697
4556
4558
4561
4564
4566
266718
135647
4578
4579
266723
4580
135652
4584
4587
4588
135659
135663
4592
4593
4595
266740
266741
4597
4599
135670
131172
135675
135679
4612
4613
4614
135686
4615
266764
397837
135695
135696
135697
4627
4628
4629
135708
397852
4638
4639
266782
4641
135714
4643
135713
4645
135718
4644
135719
4652
4657
4658
397873
266816
4676
4680
4683
4688
4689
4695
397914
4701
4703
4704
4705
4706
4708
4709
4710
266856
135787
4722
4723
4727
135800
4729
4728
4731
135799
266874
4734
266880
266882
135812
4746
4747
135832
4762
397981
4771
4772
397992
4780
4781
4782
135855
4785
4786
4787
135858
4789
4790
4791
135860
4798
4806
4807
4808
4809
191
4816
266961
135890
4820
4822
4823
4824
4825
266966
4832
266978
4835
4836
4837
4839
266985
135921
131223
4857
4858
135938
135939
4868
4879
4882
4883
4886
4887
4889
4890
267035
4893
4896
267048
4909
4910
4911
4912
4913
135985
4916
4917
4918
135990
4921
4922
4923
4924
4925
4926
4927
4928
4929
4930
4931
4932
4933
4934
4935
136008
4938
4939
4940
4942
4944
4945
4946
267091
4947
267093
4949
267094
4951
4952
4953
4954
4955
4956
4958
4959
4960
4961
4962
398175
4964
4965
4966
4967
4968
398181
4970
4972
4973
4974
4975
4977
4978
4979
4982
4984
4985
4986
136058
4988
4989
4990
4991
4992
4993
4995
4997
4998
136070
5000
5001
5002
136074
136071
136087
136106
267178
136109
5038
136111
5037
5040
267188
5048
267193
267192
5051
5052
267197
398265
5055
5056
5060
5061
136134
5062
5063
5065
5064
5067
5066
136141
5070
5071
5072
398289
136146
267219
398291
5079
5082
5086
267260
136190
5121
5122
5123
267268
5125
5126
5137
5139
5143
136215
5145
5146
5147
267292
5153
5155
5156
5157
5165
267310
136238
5168
5172
5174
5175
5176
5177
5178
5179
267319
398395
136254
5183
5185
5187
267333
267336
267345
5201
5203
5204
5205
5206
136275
136278
267347
267355
267359
136293
136294
136296
5227
5228
5236
5237
136311
5241
267389
5247
5248
5252
5255
5256
5257
5259
5261
136336
136339
267415
136345
5279
267428
5289
131309
136366
136368
5302
267457
136386
131314
5319
267463
398535
267466
267467
131316
398541
136400
136403
5332
5333
5334
5335
5336
267480
267481
267483
131320
136418
5353
267497
136426
267506
136437
398588
5375
136449
267522
267523
136459
5393
136466
136467
136476
398623
5413
267557
398633
136490
5422
5424
5425
267573
398649
5434
267579
267590
136525
131343
267605
5465
5470
5471
5473
136548
267623
5481
136553
5483
5484
5485
5486
136558
5488
5489
5491
5493
5494
136572
5503
136576
136575
5506
5507
5508
136582
5511
267654
136585
5516
5518
5519
5520
5521
398738
5528
267680
267685
267686
5544
136616
136619
5548
5549
5550
5551
5552
136627
5558
5559
5562
398786
131366
398792
398798
5589
5590
5592
5595
267743
5601
5602
398818
5608
398830
5618
5620
5622
136695
136694
5623
136698
5637
5638
398854
136716
5646
5648
267793
5651
5652
5653
136727
5656
267800
267802
5657
267804
5660
267806
136735
5662
136737
131384
5661
136741
136742
136743
267815
398891
5677
5678
5680
136752
5683
5686
267831
5689
136762
5691
5693
5698
5700
136772
398920
5707
5708
5709
267853
267852
398924
398929
136786
267860
5717
5718
5719
267863
136793
5721
5722
5723
136795
5725
5726
136797
267872
5729
136801
5731
5728
136799
5741
5742
398959
5744
5745
5747
5748
5753
5757
5759
5761
136835
5764
5765
5767
5769
5770
136842
5773
136850
5780
5781
267931
267935
5800
5801
399019
5804
267955
136884
399031
5816
5817
399035
5820
5822
5825
267970
136902
399048
5833
267977
136911
5839
399057
5842
399055
5844
5845
5846
5849
5850
5851
5852
136921
5854
267999
136928
5857
5856
5869
268015
5871
5874
5876
268021
5879
5881
399097
5889
5890
399106
5894
136966
5896
5898
5899
5900
5902
268050
5910
5911
136984
136982
5914
5915
5916
5917
268060
5919
5920
5921
5922
5923
5924
5925
5927
5928
137002
137008
5937
137014
268092
5951
5953
399170
5955
5956
268100
268099
399173
5960
5961
268105
399174
268108
5965
5966
5967
5968
137037
5970
5971
5972
5991
5992
5994
5996
5998
137072
399217
6003
399219
268150
6007
137079
6011
399229
268159
6016
399231
6020
137093
6022
6023
137094
137096
268171
6028
6029
268174
137106
6037
6038
131458
399256
137113
137116
399267
6058
399274
6068
6069
268212
6071
6072
6073
137144
6075
6076
6077
6078
268221
6079
6081
399300
268238
399311
137172
268245
137174
6103
6105
6106
6107
137180
131472
6110
268253
6114
268259
6116
268263
137193
6122
131475
268271
268272
137200
399360
6145
137217
137221
137222
399366
268297
399372
6163
137236
6166
6171
6172
6173
268321
6182
6183
6187
399404
137269
399417
268350
137285
6217
137298
268380
137308
137310
137312
268386
137315
137321
137333
6264
131503
137339
268413
268414
137343
137347
6277
6278
6279
6280
6282
6283
137357
399504
137366
137370
6309
137381
6312
6317
6318
6319
6320
137400
137409
6341
6346
137420
137429
6360
268508
6373
268522
268523
6382
268531
6391
268536
6393
268539
6396
399612
399615
137474
268546
6404
399621
399623
137484
6414
6415
6417
137491
137495
137504
6435
6436
6439
6440
6441
6443
6444
137528
6461
137533
6463
137536
6466
6470
6471
6472
6474
268618
6476
6477
6478
6479
137548
6488
137563
137566
6498
6499
268652
137586
268660
268662
6519
6520
6521
6522
6523
6524
268669
268666
137599
137595
6529
268674
137603
399747
6535
137608
6537
6538
137612
137614
6547
137619
6552
137625
6557
399778
268718
6575
399790
137651
268725
137654
399798
6584
399802
6587
6589
137662
6591
6593
268738
399810
399811
399814
399823
6609
6610
137683
6615
6619
6620
6623
137698
137700
137707
6636
6637
6639
6641
6643
6644
268788
6646
137726
137738
137740
137746
399894
137752
268825
137757
6687
6690
6691
137769
137776
268853
268854
6715
399932
399938
6723
137801
268875
137818
268893
268896
137826
137845
268917
137847
268920
137853
400001
137859
6795
400013
400014
268944
137876
400020
268956
268959
137891
400045
6844
6877
6878
269023
6883
137955
6884
137960
400106
137968
400114
269043
400121
400127
137984
269057
6915
6916
6917
400136
269070
6933
6934
6935
6936
269077
269084
138012
138014
6945
6947
6949
6950
6951
138022
6956
6957
138030
6961
6962
6963
6964
138038
6967
6968
6970
6971
6972
6973
6974
400190
6976
6977
6978
6979
6980
6984
138061
269148
269149
400221
7007
7008
269151
7010
7011
7012
138086
7015
7014
269165
138093
138100
269173
138103
400247
138115
138118
138121
138122
138123
269198
269200
138130
138140
269225
7085
7088
7090
7091
7092
7093
7095
138167
269242
269246
131671
400326
400329
269258
138191
138202
7131
138217
138223
269297
269298
269306
138242
400387
269318
7177
269322
7182
7183
7191
7193
400411
269340
131689
7210
7211
7214
7216
7219
7220
7227
138300
7229
138302
7233
7234
138308
7237
138310
138317
269390
400465
138322
269403
7267
138341
7270
7274
7278
269426
138357
7288
7289
7290
7291
7294
7295
7298
7299
7300
7301
138372
531591
7303
7305
7304
138376
138371
7326
400547
138404
400549
400552
400554
7340
7341
7342
7343
7344
7345
7346
7347
7348
7350
7351
269495
7353
269494
7364
269518
138449
138450
400605
7392
400608
400610
269539
400613
400617
131729
138486
131732
400638
138496
269572
138502
269576
400649
138513
7442
7443
131737
7445
7446
269588
7450
7451
7452
7453
7454
138522
131739
7457
7456
7459
400668
7461
138535
138543
138550
138554
7483
7484
7485
269628
400710
7500
7501
269644
7504
7506
7508
7509
7510
7511
7512
400728
7514
7515
7516
7517
7518
138587
7520
138595
400749
400753
138611
131757
7547
7548
7549
138622
7551
7552
7553
269698
7555
269699
7554
269705
131761
269710
269711
138642
269714
400791
131764
400796
138656
269735
138665
138667
269747
131770
138686
131773
138697
138699
138701
269776
138705
138719
269795
138724
138730
138735
138744
138745
138752
138754
138755
400902
138760
138767
269843
138775
400928
400931
400933
400948
7735
7736
7737
138820
138827
138832
138843
138853
138857
7797
138876
269961
269963
138906
138907
7837
7839
7840
401060
401061
401065
138921
269999
7857
270002
7859
7860
7861
7862
7863
270005
270007
270010
138941
7870
131822
7872
7873
7874
270015
7871
138943
270014
270024
270025
138956
401104
138960
401112
270045
270047
138977
401121
401123
131830
7913
7916
401132
138990
138991
270064
401139
270081
131836
7942
7944
401164
139030
139038
7972
7973
7974
7975
7978
7979
7980
7983
7984
7985
139058
7988
7992
139075
8005
401222
8007
8009
8010
8011
8012
8014
8016
270163
270166
139096
270173
401246
401252
8043
8046
8047
139118
8049
8051
8052
8053
8054
8055
8056
8060
139132
8063
8064
8065
8066
8067
8068
8069
8070
8071
8072
8073
8074
8075
8076
8077
8078
8079
8080
270221
401294
139156
139159
8088
8090
8092
8093
8094
8095
139169
139170
139176
270251
139195
139198
8128
8129
8130
139210
8141
401357
139215
8144
401359
401371
270302
270303
139230
270306
139238
401387
139251
270326
139255
139262
270336
8193
8194
8195
401408
8197
8198
270343
8199
139270
139272
8202
8204
139276
401422
8208
8209
139280
8211
401427
270357
8214
8216
8217
8219
8220
8221
8222
8223
8224
401442
270372
139300
139302
401444
139308
270383
401461
8247
131897
270393
139322
131898
139324
139325
270397
139328
270400
139329
270403
139334
8265
8266
8267
139338
8269
8270
8271
8272
8273
401484
139341
8276
139349
8279
8280
8281
8282
8283
8284
8285
8286
139357
8288
8289
8290
8291
8292
8293
139361
139367
270440
401513
131907
139374
139380
139383
139387
8316
8319
270463
8321
270467
8324
8325
8326
8327
131913
8329
8328
270470
8332
139405
139406
8333
8336
8337
8338
139408
8340
8341
8342
8343
270487
401561
8346
8348
8349
270493
8353
8355
8356
8357
8358
8359
139427
139433
139434
8363
8366
8367
8368
8371
8372
139445
8373
8374
139447
401593
8383
139455
270529
8386
401600
8388
139459
8390
8391
8392
8393
139463
139466
139467
8398
139476
8408
8409
8410
8413
8414
8415
8416
8417
8418
8420
8421
8422
131932
8424
8425
8426
8427
131933
8428
8429
8430
139504
401650
8435
8436
8438
8439
8440
8441
270585
8443
8444
8445
139516
8447
139519
139521
8446
270595
8452
8453
8456
8457
8460
8461
8462
8463
131940
8464
8467
8468
8469
8470
8471
270616
401687
401689
131943
401698
139555
131944
8487
8488
8489
8490
8491
139559
139563
8494
139571
139572
270643
270646
139575
270650
139579
270654
139582
8512
139589
139595
270668
401743
270672
270673
8536
139609
8545
270696
8555
8556
8557
139635
139637
139646
131963
270724
139651
8583
8584
8587
8588
139659
139662
8592
131966
270738
270759
8617
8618
270762
8619
139692
270766
270771
401845
270774
139712
8643
139715
8645
139718
401861
8649
8651
8652
8653
8656
139728
139730
8664
8665
8669
8672
8675
8676
270822
401895
8681
401898
8688
8689
8690
262243
8691
8693
8692
270833
8696
8697
8698
270842
8699
139775
8703
270851
262248
262250
139799
8736
8737
8738
139808
8740
8741
270886
8743
8744
8745
270885
8747
8748
8749
139820
139826
270899
401971
8764
270908
8765
270909
8766
8767
8768
8769
8770
270910
139846
270919
8776
8779
8780
139851
270926
139854
139856
8785
139862
139863
270936
270938
270946
270952
402025
8810
8814
8816
8818
402042
8827
139900
402046
8831
8832
8833
8834
8835
8836
139909
8838
8839
8840
8841
8842
8843
8844
8845
8846
8847
8848
8849
8850
8851
8852
139916
8854
139922
8856
139929
139930
8859
8860
139933
271007
8866
8867
8868
8869
8870
8871
8872
8873
8874
8875
139945
139948
8879
8880
8881
8882
8883
8884
8885
8886
8888
271033
8892
8893
8895
8896
8897
8898
8899
8900
271045
8902
139971
8904
8905
8906
8908
8909
8913
8914
8915
8916
8920
139993
8922
8923
139997
8926
8927
139998
8929
8930
8931
8932
8933
140003
8935
140007
8937
8938
8939
8940
8941
8942
140008
8944
8948
8951
8952
8953
8954
140032
8960
271104
8961
8963
8966
271110
8967
8968
8970
8972
8973
8974
8975
8976
402193
8978
271120
8980
8981
140054
8982
8983
8984
8986
8987
8988
8989
8991
8992
8995
8996
8998
140071
8999
402217
9003
9005
402223
9007
9008
9009
9010
9011
9012
9013
9016
9017
271164
9021
9022
9023
9024
9025
9026
9027
9028
140101
9029
9030
9032
9033
9034
9035
9036
9037
9038
9039
9040
9041
9042
271185
9043
9044
9045
9048
9051
271196
9053
9054
9056
9057
9058
9059
9060
9061
9062
9063
9064
9065
9066
9067
9070
9071
9072
9073
9074
9075
9076
140149
9077
9078
9079
9080
9082
9081
9084
9085
9086
9087
402298
9089
9090
271234
9091
9093
140166
9095
9096
9097
9098
9099
140172
9100
9101
9102
9103
9104
402331
140208
140211
140212
402362
140222
402370
140229
140231
262336
271304
262340
271327
271331
140278
402423
9208
140281
140300
402446
402455
140314
271388
402463
402464
271393
9252
271397
9255
9256
9257
9260
271404
9261
9263
9264
262357
9266
9267
9268
9262
9270
9271
9272
9273
9274
9275
9276
9277
9278
9279
9280
9281
9282
9283
9285
9286
9287
9288
9289
9290
9291
9292
9293
9294
9295
9296
9297
9298
402515
9299
9300
9302
9303
9304
9305
9301
9306
140380
9308
9310
9311
9312
9313
9314
9315
9316
9317
271462
9319
402536
9318
9322
9323
9320
9325
9326
9327
9321
271467
140402
9331
402543
9333
9334
9335
9336
9337
9339
9340
140413
9342
9343
9344
9341
9346
9345
9348
9349
9350
140420
9352
9353
9354
9355
9356
9357
9358
9359
9360
9361
9362
271504
9364
9366
9367
402582
9369
140441
140443
9372
9373
9374
140447
140448
9377
9378
9375
9379
9381
9382
9383
9384
9385
9386
9387
9388
9389
9390
9391
9392
9393
9394
9395
9396
9397
9398
9399
9400
9401
140470
9403
9404
9405
9406
9407
9408
9409
9410
9411
271550
9413
9414
9415
9416
9417
271559
271561
140489
9421
9422
9423
9424
9425
9426
9427
9428
9429
9430
9431
271572
9433
9434
9437
9438
140511
9440
9439
9442
9443
9444
9445
9446
9447
9448
9449
9450
9451
9452
140519
9454
9455
9456
9457
9458
9453
9460
9461
9462
9459
9464
9465
9466
9463
9469
9470
9471
9472
9473
9474
9475
9476
9477
9478
9479
9480
9481
9482
9483
140549
140554
9486
9487
9488
9489
9490
9491
140561
9493
9494
9495
9496
9497
9499
9501
9502
9503
9504
9506
9507
9509
9510
9511
9513
9514
9515
9516
9517
9519
271664
271665
9522
9523
9524
140595
9526
9527
9528
9529
9530
9531
9532
9533
9534
9535
9536
271677
9538
9539
9540
9541
9542
9543
9544
9545
9546
271686
9548
9549
9550
9547
9552
9551
9554
9555
9556
9557
9558
9559
9560
9561
9562
9563
9564
140632
9566
9567
9568
9569
9570
9571
9572
9573
9574
271718
9576
9577
271714
140642
271724
9581
9582
9583
9584
9585
9586
9587
9588
9589
9591
9592
9593
9594
9595
140668
9597
9598
9599
9600
271736
9602
9603
9604
9605
9606
9607
9608
9609
9610
9611
9612
9613
9614
9615
9616
9618
9619
9620
9621
9622
9623
9624
9625
9626
271770
140697
9629
9627
9631
9630
9633
9636
9637
9638
9639
140708
9641
9642
9643
9644
9645
9646
9647
9648
271792
9651
9652
9653
9654
9655
9656
262434
9657
9659
9660
140733
9662
9663
9664
9665
9666
9667
262436
9669
402877
9671
9672
9673
9674
9675
9676
9677
9678
9679
9680
9681
9682
9683
9684
9685
9686
9687
9688
9689
271826
9691
9692
9693
9694
9690
9696
9697
9698
9699
9700
9701
9702
9703
271847
9705
9706
9707
9708
9709
9710
140781
140783
9713
9714
9715
9716
9717
9718
9719
9711
262447
9722
9725
9726
9727
9728
9729
9730
9731
9736
9737
9738
9739
9740
9741
9742
140814
9745
9746
140818
9748
9749
9750
140823
262454
9753
9754
140825
9756
9757
9755
9759
9760
9761
9762
9763
9764
271907
9766
9767
9768
9769
9770
9771
9772
9773
140846
9775
9776
9777
9778
9779
140849
9781
9782
9783
9784
9785
9786
9787
9788
9789
9791
9792
9793
9794
403011
9796
9797
9798
9799
9800
9801
9802
140873
9804
9803
9806
9807
403018
9809
271954
140883
9812
9813
9810
9815
9816
140887
9817
9819
9820
9821
9822
9823
9824
9825
9826
9827
140897
9828
9829
271969
140904
9833
9830
9835
9836
9837
9838
9839
9840
271983
9842
9843
9844
9845
9846
9847
9849
403068
262474
140934
9867
9869
9870
9871
9872
9873
9874
403085
9876
9877
9878
9879
9880
9882
9884
9885
9886
9889
9890
403106
9893
9894
9895
9896
140966
9898
9899
9900
9901
9902
9903
9904
9905
9906
9907
140979
9909
9910
9911
9912
9913
272058
403130
9917
9918
9919
9920
9921
9922
9923
140995
140992
9927
9928
9929
9930
141003
9932
272072
272075
9935
141009
141010
9939
9940
9941
9942
141015
9944
9945
9946
9947
9948
9949
9950
9951
9952
9953
9954
9955
9956
9957
9958
9959
9960
403173
9962
9963
9964
9966
9967
9968
9969
141043
9972
9973
9974
9975
141044
9977
9978
9980
9981
9982
141055
141052
9986
141058
9988
9989
9987
9991
9992
9993
9994
9995
141063
9997
9990
9999
10000
10001
10002
10003
10006
10007
10008
10009
10010
10011
10012
10013
10014
10015
10016
10017
272162
10019
10020
10021
10022
10023
10024
10025
272165
10027
10028
10029
10030
141102
10032
10033
10034
10035
10036
10037
403252
10040
10041
10044
10045
10046
10047
10048
403261
10050
10051
10052
10053
10054
10055
10056
10057
141131
10060
10061
10065
10066
10067
10068
10069
10070
10071
10072
10073
10074
10075
141145
10077
10078
272221
141152
10081
272220
10083
10086
10087
10089
10090
10092
10093
10094
10096
10097
10098
141173
10102
10103
403317
10105
10107
10109
10110
272255
10112
10113
403330
10115
10116
10117
10118
272261
10119
272264
10122
10124
10125
10126
10127
10128
10129
10130
10131
10132
10133
10134
10135
10136
10137
141210
10139
10138
10141
10142
10140
10144
10145
10146
10147
403357
10149
10150
10151
10152
10153
10154
10155
10156
10157
10158
10159
10160
10161
10162
10163
10164
10165
10166
10167
10168
10169
10170
10171
10172
10173
10174
141241
10176
10177
10178
10179
10180
403390
10183
10184
10185
10186
10187
10188
10189
10190
10191
10192
10193
141262
10195
10196
10197
10198
10199
10200
10201
10202
262542
10204
10205
10206
10207
10208
10209
10210
10212
10213
10214
10215
10216
10217
10218
10219
10220
403434
10222
10223
403431
10225
10226
10227
10228
10229
10231
10232
10234
10235
10236
10237
10238
10239
403450
10241
10242
10243
10244
10246
10247
141319
10249
10250
10248
141324
10253
10254
10256
10257
10258
10260
10261
10263
10264
10265
10266
272407
10268
10269
10270
10271
141342
272414
10274
10275
10276
272418
10278
10279
10280
10281
272426
10283
10285
10288
272435
10293
10294
403509
10297
10299
10303
10304
10305
10306
10307
10308
10309
10310
10311
10312
10313
10314
10315
10316
10317
10319
10320
10322
10323
10324
272468
10326
10327
10328
10329
10330
10331
10333
10336
10337
10338
10339
10340
10341
10342
10344
10345
141418
10347
10348
10349
10350
10351
141419
10353
10354
10355
10356
10357
10358
141423
10360
10361
10362
10363
10364
403580
10366
10367
10368
141438
10370
10371
10373
10375
10376
10377
10378
10379
10380
10381
272525
10383
10384
10385
10386
10387
10388
10389
10390
10391
403605
10393
10394
10395
10396
10397
10398
10399
10400
10401
10402
10403
10404
141476
10406
10407
10408
10409
10410
10411
10412
10413
10414
272554
10416
141489
10419
10420
10423
10424
10425
10426
10427
10428
403642
10431
10433
10434
10435
10436
10437
10438
10439
10440
141511
10442
10443
10445
10447
10448
10449
10450
10451
10452
272596
141520
403667
272602
10458
10461
10462
10464
10466
10467
10468
10469
10470
10471
10472
10473
10474
10475
10476
10477
10478
10479
10480
10481
10482
10483
10484
10485
10486
10488
10489
10490
10491
272634
10493
10494
10495
10496
10497
10498
10499
10492
10501
10502
10503
10500
141581
10510
10511
10509
10513
10514
10515
10516
10518
272663
10520
10521
10523
272667
10525
10524
10527
10528
10529
10530
10531
141603
10533
10534
10535
10536
10537
10538
10539
10540
10541
141614
10543
10544
10545
10546
10547
10548
10549
10550
10551
10552
10553
272692
10555
272693
10557
141623
10559
10560
10562
10563
10564
10565
141635
10567
10568
10569
10570
10571
141640
10573
10574
10575
10576
10577
141643
10578
10580
10581
10582
10583
10584
10585
10586
10587
10588
10589
10590
10591
10592
10593
10594
10596
10597
10598
10599
10601
10603
10604
10606
10607
10608
10609
10610
10611
10612
10613
141679
10615
10616
10617
10618
10619
10620
10614
10622
10623
10625
10626
10627
10628
10629
10630
10631
10632
10633
10634
10635
10636
10637
10639
10640
10641
10642
10643
10644
10645
10646
10647
10648
10649
10650
10651
10652
10653
10654
10655
10656
10657
10658
10659
10660
10661
141733
10663
10664
10665
10668
10669
10670
10671
10673
10674
10675
10676
10677
10678
10679
10680
10681
141754
10683
10684
10685
10686
10687
10688
141760
10690
10691
10692
10693
10694
403911
10696
10697
272835
10699
10703
10704
10705
10706
10707
10708
10710
10711
10712
262645
10714
10715
403927
10718
10719
10720
403936
10722
10723
10724
10725
10726
10727
10728
10729
10730
10731
272875
10733
10734
10735
272878
141803
141810
10739
10740
10741
10742
10743
10744
10747
10748
272892
10750
10751
141819
10753
10754
10749
10756
10757
10758
10759
10760
10761
10762
10763
10764
10765
10766
272902
10768
10770
10771
10772
10773
10774
10775
10776
10778
10779
10780
10781
10782
10783
10784
10785
10786
10787
10788
10790
10792
10794
10795
10796
10797
10798
10799
10800
10801
10802
10803
10804
10805
10806
141879
10808
10809
10810
404022
141884
10817
10818
10819
10821
10822
10823
10824
272967
10829
10830
10831
10832
10833
10834
10835
10836
10837
141901
10839
10838
10841
10842
10843
10844
10845
10846
10847
10849
10851
10852
141923
10854
10855
10856
10857
10858
10859
10860
10861
10862
10863
404073
10865
10866
10867
10868
10869
10870
10871
10872
10873
10874
10875
10876
10877
10878
10879
10880
10881
10882
141955
10884
10885
10886
273029
10889
10890
10894
10895
10896
10897
141971
10900
404117
141974
141976
10905
10906
10907
141978
10909
10910
10911
10912
10913
10915
273059
10917
10918
10922
10923
273066
10925
404141
10929
10930
10934
10935
273080
10937
10938
10939
142012
273084
273085
10943
10944
10945
10946
10947
10948
10949
10950
10951
10952
273096
10954
10955
10956
10957
10958
142023
10960
10961
273106
142026
10970
10971
10972
10973
10974
10975
10978
273122
142052
10981
10982
273126
10984
10985
10986
10987
10988
10989
10990
10991
10992
142064
10994
10995
10996
10997
10998
10999
11000
11001
11002
11003
11004
11005
11006
11007
11008
11009
11010
11011
11012
11013
142084
11015
11016
11017
11018
11019
11020
273160
11022
11023
11024
11025
11026
11027
11028
273169
11030
11031
273167
11033
11034
11035
11036
11037
11038
11039
11040
11041
11042
142115
11044
11045
11046
11047
142118
11049
11050
11051
11052
142119
11054
11048
11056
11057
11058
11059
142132
11060
11062
11055
11064
11065
11066
11067
11068
11069
273205
11071
11072
142145
11074
11075
11076
11077
11078
142148
142150
11081
11082
11083
11084
11085
11086
11087
11088
142159
11090
11091
11092
11093
142161
11089
142168
11096
11099
11101
273245
11103
11104
273248
11107
11109
11112
11113
11114
11115
262725
273261
11120
11121
11122
11123
273271
11128
11129
11130
11131
11132
11133
11134
11135
142208
11137
273279
11139
11141
11142
11143
11144
11145
142216
11148
11152
11153
273296
11155
11156
11157
11158
11159
11160
11161
11162
11163
11164
11165
273304
11167
273312
11169
11170
11171
11172
273310
11174
11175
11176
11177
11178
11179
273318
11181
142254
11183
11184
11185
11186
11187
11188
142252
11190
11191
273334
11193
11194
11196
11197
11198
11199
273341
262742
11202
404413
11205
11206
11207
11208
11209
142282
11212
11214
11215
11216
11217
11218
11219
11220
11221
11222
11223
11224
11225
11226
11227
11228
11229
11230
11231
11232
142303
11234
11235
11236
11237
142308
11239
11240
11243
11244
404461
11246
11247
404459
11249
142320
11252
11253
11257
11258
11259
11260
273404
404479
404490
404496
11281
11282
11283
11284
11285
11286
11287
142358
11291
11293
11296
11297
11298
11299
11300
142373
11302
11303
11304
11305
11306
11307
11308
11309
11310
142375
11313
11314
11315
11316
11317
11318
11319
142388
11321
11322
11323
11324
142391
11326
11327
11328
11329
11330
11331
11332
11333
142402
11335
11336
11337
11338
142408
11340
273481
11342
142414
11344
142412
11346
11347
11348
11349
11351
11352
11353
11354
11355
11356
11357
11358
11359
11360
11361
11362
11363
11364
11365
11366
11367
11368
273510
11370
11371
11372
142442
11374
11375
273511
11377
11378
11379
11380
11381
11382
11383
11384
11385
11386
11387
11388
11389
11390
11391
11392
11393
404604
11395
11396
11397
11398
11399
11400
11401
11402
262782
11404
142478
11411
11412
11413
11414
11415
11416
11417
11418
11419
11420
11421
11422
11423
11424
11425
11426
11427
11428
11429
142499
11431
262786
262788
273578
142507
262789
11439
11440
11441
11442
11443
11444
11445
11446
11447
11448
11449
11450
11451
11452
11453
11454
11455
11456
11457
11458
11459
11460
142528
11462
11463
273599
11465
11466
11467
11468
11469
11470
11471
11472
273610
11474
11475
11476
11477
11478
11479
273621
11481
11482
11483
11484
11485
11480
273632
11489
11490
142563
11492
11494
11495
11496
11497
11498
11499
273641
142573
11502
11503
11504
273647
11506
11507
273651
11509
11510
11511
273656
11513
142585
11515
11516
11517
11518
11519
11520
11521
11522
11523
11524
11525
11526
11527
11528
11529
262806
11531
11532
11533
11534
11535
11536
11537
11530
142611
11540
11541
11542
11543
11544
11545
11546
11547
11548
11549
142616
11551
404762
11553
11554
11556
11557
11558
11559
11560
11561
11562
11563
11564
11565
11566
142638
11568
11569
11570
11571
11572
11573
11574
11575
11576
11577
11578
142650
404791
11583
11584
142656
11586
11587
11588
11589
11590
11591
11592
11593
11594
11595
11596
11597
11598
11599
11600
11601
11602
273746
11604
11605
11606
11607
273745
11609
11610
11603
11612
11613
11614
11615
11616
11617
11618
11619
11620
11621
11622
404831
11624
11625
11626
11627
11628
11629
11630
11631
11632
11633
11634
11635
273774
11637
11638
11639
262829
11643
11644
11645
11646
11647
11648
11649
11650
273794
11652
142724
11654
11655
11656
11657
11658
11659
11660
11661
11662
273807
11663
11665
11664
11667
11671
142743
11673
11674
11675
11676
11677
11678
11679
11680
11681
142746
11683
11684
142757
11686
11687
11688
11689
11690
142758
11692
11693
11694
262840
262839
11697
11698
11699
11700
142772
11702
11703
11704
11705
11706
11707
11708
11709
11710
273848
11712
11713
273856
11718
11719
273868
142797
142798
273870
404945
142802
404947
273879
142808
262848
273883
273886
142815
273890
273895
11752
273896
273899
273901
142830
11763
11767
273912
11770
11772
11773
11774
11775
11777
11778
11779
11780
11782
273926
273927
11787
11790
11791
273939
11796
11797
11798
11799
11800
11801
11802
11795
11804
142876
11806
11807
11808
142881
11811
11812
11813
11814
11815
11816
11817
273962
11819
11820
11821
11822
11823
11824
11825
11826
11827
11828
142897
11830
11831
11832
273973
11834
11835
11836
11837
11838
11839
405050
11841
142914
11843
11844
11845
11846
11847
11848
11849
11850
11851
11852
11853
11854
11855
11856
11857
11858
11859
11860
11861
11862
11863
11864
274007
11866
11867
11868
11869
11870
11873
11874
142946
11876
11878
11879
11880
11881
11884
11886
11887
11888
11889
11890
11891
11892
11893
11894
11895
11896
11897
11898
11899
11900
11901
11902
142973
11904
11905
11906
11907
11908
11909
142979
11911
142983
142984
11914
11915
11916
11917
11918
142989
274060
142990
142986
11925
11927
11928
11929
11930
11931
11932
11933
11934
11935
11936
11937
11938
11939
11940
143005
11942
11943
11945
11946
11948
11949
11950
11951
11953
11954
11955
11956
11958
11959
11960
274102
11962
11963
274109
11966
11967
11968
11969
11970
11971
11972
11973
11974
11975
11976
11977
11978
11979
11980
143049
11982
11983
262897
11985
11986
274131
405203
405204
143068
143073
143083
262903
262904
143092
274165
274167
143098
143117
405265
274202
405280
143142
143144
143146
143147
12076
12078
12079
12085
12086
12088
12089
12090
12092
12093
12094
262919
12096
143169
143170
12097
12100
12101
12102
12103
12104
12105
12106
12107
274253
12110
12109
12112
12113
405325
12115
12116
12117
12118
12120
12121
12122
12123
274266
12125
12127
12128
12129
12130
12133
12135
405353
12138
12139
12140
274285
12142
12143
12144
12145
12146
12147
12149
12150
12151
143223
12153
12154
12155
12156
12157
12158
12159
12160
12161
12162
12163
12165
12166
12167
143240
12169
12171
12172
405388
143247
12175
12177
12178
12179
12180
12182
12183
12184
12185
12186
12187
274326
12192
12193
405409
12197
12198
12201
274345
274348
12205
12206
12207
12208
143277
12211
12212
12219
12220
12221
12222
12223
262945
12225
143299
12227
12229
12230
12228
12232
12233
405446
12235
12236
12237
12238
12239
274381
12241
12244
12245
12246
12247
274388
12249
143322
12251
12253
12255
143328
12257
405473
12259
12262
143335
12266
12268
12270
12271
274415
12273
143344
405490
12276
12277
12278
12279
12280
12281
143355
274431
262958
12289
143369
12308
12309
12310
12311
12312
132705
143380
405535
405543
12335
274480
274479
274483
132712
262970
132714
143431
274504
405576
143437
262975
143451
143453
405607
12395
12400
274544
12403
12404
12405
12406
12407
12408
405621
12410
12411
12412
262982
143481
12413
12416
405632
12422
12424
12427
12428
12429
12432
262987
12435
12437
405653
405656
12444
12445
12446
143516
12447
12449
12448
143523
12453
12454
12455
12456
143525
405670
405671
143534
12470
12471
12472
12473
143546
12475
12476
12477
12478
12479
12480
12481
12482
12483
12484
274626
12487
12488
12489
12490
12491
143563
12493
12495
12496
12497
12498
12499
12500
12501
12502
12503
12504
12505
12506
12508
12509
12513
12516
12517
12518
12519
12520
12521
12523
12524
274669
12526
12527
12528
12525
12530
12531
143602
12529
12534
12535
12536
12537
12538
12540
12541
274685
12543
12544
12545
12547
12548
405763
263010
12550
12554
12555
12556
263011
12559
12560
12561
143634
405775
263013
12568
12569
12572
12573
12574
12575
12576
12577
12578
12579
12580
263016
12582
12583
12584
12585
12586
143651
405797
12589
12590
12591
12593
405809
12596
12597
12598
12599
12600
12601
12602
405815
12605
12606
12607
12609
12610
12611
12612
12614
12615
12616
12617
12618
12619
12620
12621
12622
12623
12625
12626
12627
12628
12629
12631
12632
12633
12634
12635
12636
12637
12638
12639
12645
12646
12647
263029
12649
12650
12651
12652
12653
274794
12655
12656
12657
12658
12659
12660
12661
12662
12663
12664
12665
274805
405882
274815
274817
143747
274820
12677
12679
143754
12683
12684
143758
12689
12690
12695
12696
12697
12698
12699
12700
12701
12702
12703
12704
12705
12706
12707
12708
12709
12710
274854
274855
12713
12714
12715
263043
12716
12717
12718
12719
12720
12721
12722
12723
274868
12724
143795
274870
143800
143801
393306
405965
274899
12758
12759
274902
12761
12762
12763
12764
274906
12766
12767
143838
143841
12770
12771
12772
143839
12774
12775
12776
12777
12778
12779
12780
12781
12783
406000
12787
12790
12793
12794
12795
12796
12797
12799
12800
143871
12802
143876
143877
12806
12807
12808
143881
12811
12812
143883
274958
143887
12816
12818
12819
274966
12823
12826
406042
12828
12831
12832
12834
406052
12837
12838
12839
12840
274990
274991
12855
143928
143936
12877
406099
275028
143959
12888
406104
12890
143963
406107
143966
406115
12901
12902
12903
143980
406125
275054
143983
12912
12911
406130
406129
275060
12919
12920
12921
275065
12924
275074
144008
144013
275096
275120
275130
406204
275136
12994
144069
13002
13003
13004
13005
13006
13007
13008
13009
144083
13012
668372
13014
13013
13016
13017
13018
13019
13020
13021
13022
13023
144094
13025
144097
13027
144092
13024
144105
144109
144111
13041
13042
144121
13051
13053
13054
13055
13056
275198
13058
13059
393368
13061
13062
13063
13064
13065
13066
13067
13068
275210
13070
144139
13072
13073
13074
13075
13076
13078
13079
144156
13090
13092
263118
13094
275239
13098
13099
275244
13105
13107
144183
144190
13119
13120
13121
13122
13123
275269
13125
13127
13128
275272
144202
13132
144204
144206
144208
13137
144209
13140
13141
275287
13150
13151
13153
13154
13155
13156
144229
13158
13159
13160
13161
13162
13163
144231
13166
13167
13168
13169
13170
13171
13172
13173
275318
406385
13177
13179
13180
406398
13183
13184
13185
13187
13188
275331
275332
13191
13192
13193
13194
13195
13196
13197
13198
13199
13200
13201
144271
13203
13204
13205
13207
144279
13209
13210
275355
406429
406431
144288
13220
13221
13222
13223
275366
13225
144299
406449
13241
13243
13245
13247
13249
13250
13251
13252
13254
144326
13255
13256
13257
13258
13260
13259
144331
144336
393410
144340
144341
144344
144345
13274
13275
13277
13279
13280
144351
13282
13283
13284
13285
144354
144360
13291
13296
275442
13299
13300
13305
13310
13311
13312
144384
275458
13315
13317
13318
13319
13320
13321
144390
144393
406535
144389
144391
13333
275477
13335
13336
13337
144410
13339
13341
13342
13343
144414
13346
406563
13348
144421
13350
13351
13352
13353
13354
13355
132912
144428
13358
13359
13360
144430
13362
13363
13364
13365
144436
144432
13368
13369
13370
13371
13372
13373
13374
144444
13376
13377
13375
13380
13382
13383
13384
13385
13386
13387
13389
13390
13391
144464
13393
13394
144465
13396
13397
13398
144471
13400
13401
13402
13403
13404
13405
13406
144475
13408
13409
406625
13411
13414
13415
13416
275563
144498
13428
13429
275573
13430
13432
13433
13434
13435
13436
393443
13438
13439
13440
13441
13442
393445
13446
13448
406668
13455
13457
275601
13459
13460
275603
13465
13466
13468
144541
13470
13471
13474
13475
13476
13477
275619
13480
13481
13482
13483
13484
13485
13486
144560
13489
13490
13491
13492
13493
13488
13495
13496
13497
13498
13499
144570
13501
275646
13503
275647
13505
13506
13507
13508
13509
13510
13511
144580
275657
13514
13515
13516
13520
13521
13522
13523
13524
144595
13526
13528
13529
13531
13532
13533
13534
13536
13537
13538
13539
144611
144610
13544
13548
13549
13550
13551
13552
13553
13554
13555
144625
13557
13558
13559
13560
275696
13562
144631
13566
13567
13569
406785
13571
13572
13573
13574
13570
13576
13577
13579
13580
13581
144651
13584
13585
275729
13587
406803
13589
13591
13592
406808
13595
13596
13597
13600
144676
144680
13610
13611
13612
13613
13614
144686
13617
13621
275765
13626
275771
13630
13632
13633
13634
13635
13636
13637
13639
144712
13641
13643
13644
144716
13646
13649
13650
13651
13652
13653
13654
13655
144728
132972
144726
144736
13665
13666
13667
13668
13669
13670
13671
13672
13673
144744
144741
13678
13679
13680
13681
13682
13683
13685
144758
13687
13688
13689
13690
13691
13692
13696
13697
13698
13699
13700
13701
13702
13703
13704
13707
144780
13710
144784
13713
144785
13715
144789
144792
13721
13726
13727
13728
13730
13731
13732
13733
13734
144804
13739
13741
13742
13746
13748
13751
13752
13754
13755
406970
13757
13759
275905
13762
13763
13764
13765
13766
13767
13768
13770
13771
144842
13774
13775
13776
13777
13778
406992
144852
406990
406994
13783
13784
13785
406997
13787
13788
275932
393513
13791
13792
13794
13795
144868
13797
13798
13802
13803
13804
13805
393517
13807
13809
13811
13812
13813
144886
13815
13816
13817
13818
13819
13820
13821
407036
13823
13824
13825
393520
13827
13830
393523
13835
13836
144909
144910
275985
13842
13841
13847
13848
13849
13850
13852
13853
13855
13856
13861
144939
144942
144953
13885
13888
13889
13891
13892
13893
13894
13896
13898
13899
13903
13907
13908
13909
144982
13911
13912
13913
13910
13915
13916
13914
13919
13920
13922
13923
13924
13928
13929
13930
145002
145000
13934
13935
13936
13937
13938
13939
13942
276086
13944
13945
13946
13943
13948
13949
13950
145016
13947
13955
13956
13957
13958
407171
13960
407172
13962
13963
13964
13965
13966
13967
13968
13969
13971
13972
13973
13975
276120
276122
13979
13980
276123
13982
145051
13984
13981
13986
407201
407204
13983
13990
13991
13993
145066
13994
13995
13997
13998
13996
14000
14001
14002
14003
145075
14005
14008
276155
14012
14013
14014
276157
14016
14019
145091
14021
14022
14024
14025
14029
14030
14033
14034
14035
14040
14041
14043
14047
14048
14050
14052
14053
14054
14055
14057
14059
145132
14061
14062
145135
14064
14063
14066
14067
14069
14070
14071
14072
14073
14074
14075
14076
276220
14078
145147
145154
407298
145156
14087
14088
14089
145162
14091
14092
14096
14097
14098
14105
276251
14108
14111
14112
14113
14114
145186
133063
14117
14118
145191
14120
407334
145194
14123
407335
14125
145197
14127
407344
145203
14134
14136
14137
14138
14139
14140
145212
14142
14143
14144
14145
14148
145220
145221
14154
14157
14159
14160
14161
407375
14163
14164
14166
14167
14168
14169
14170
14171
145244
14173
14174
14175
407389
14177
407390
14181
276328
145259
14190
14191
14193
14194
14195
14197
14198
14199
14201
14202
14204
14205
14207
14208
133082
14210
14212
14215
14217
14219
14220
14223
407440
407439
14226
14228
407445
14232
14233
14234
14235
14236
14237
145310
14239
14240
14241
14242
145312
276387
14244
407455
145316
14248
14249
14243
14251
14252
14247
14254
14256
14257
14258
276401
14262
14263
276410
14267
14268
14269
14271
14272
14273
14274
14275
14277
14278
14279
14280
14282
14283
14284
14285
14286
14287
393613
14289
14290
14291
14292
14293
14295
14297
14298
14299
145373
407518
14302
145377
14306
145379
14308
14310
14313
145385
407531
14317
14320
14324
14325
14326
14328
14330
14334
276478
14336
14337
393623
14342
407559
276488
276486
14346
14347
14349
14351
276496
14353
276500
14357
14358
14359
407575
14361
14362
145436
393629
14367
14369
14370
14372
14373
276518
14375
145444
407588
276525
14384
14387
14389
14390
14392
276536
14394
276537
14396
407613
14398
14395
14400
145474
14405
276550
14407
14408
14406
14410
14411
14412
145481
14414
14415
276562
14419
407634
14421
14422
14423
14424
14425
14427
14429
14430
145504
14433
14434
14435
14432
276578
14438
14439
14440
14441
14442
14443
14444
407655
14445
14447
14448
14449
14451
263388
14455
14456
14457
14458
14459
14460
14462
14463
14464
276608
14467
14469
276614
14474
14475
145547
276624
14482
14484
14489
276635
14499
14503
407719
14505
14506
14510
14517
14518
14520
14521
14522
145594
14524
14525
145593
14527
14531
14533
14534
276678
14536
14537
14538
14539
14540
14541
14542
407757
14544
14543
14546
14547
14550
14551
14553
14554
14555
14556
14557
14558
276702
14560
14561
145635
14564
14565
14566
14569
14570
14572
14573
14574
14575
14576
14577
14578
14579
14580
407789
14582
14583
14584
14585
276729
14587
14588
14589
14590
145660
407806
407803
14594
14595
145668
14597
14596
14600
14603
14604
14605
145677
14607
14606
14608
14611
14612
14613
14614
14615
145689
145691
14619
14621
14623
14624
145695
14626
276770
14628
14629
14630
14631
14633
14634
14635
14636
14637
14638
14639
145711
14642
14643
14644
14645
14646
14648
14650
14651
14652
14653
14654
14655
14660
14662
14664
276808
14666
14667
145738
14669
14670
14671
14672
14673
14674
14675
14676
14677
276819
407887
276817
407897
14681
14683
14684
276828
14686
14687
14688
14689
145762
14685
276833
145760
14694
14695
14696
276839
14698
276843
276844
145766
276846
14703
14704
14705
14709
14710
14711
276860
14720
14726
14728
14729
14730
14733
14735
14736
276883
14741
14742
145813
14745
14746
14748
14749
14750
14751
14752
14753
276898
14755
14756
14757
14758
276901
276904
14761
276906
276902
276908
14765
14766
145838
276909
276907
14770
145840
14772
14774
276918
407992
14776
14778
276922
14775
14784
14785
276928
14787
14788
14791
276935
14793
14794
145865
14797
14799
145872
14801
145874
14804
14805
145878
14807
14808
14809
408024
14811
14812
14813
14814
14815
14817
14818
14819
14820
14821
14822
14823
145892
145899
14829
145902
14831
14832
14833
14834
14830
14836
14837
145909
14839
145912
14838
14842
14844
14845
14846
14847
14848
14850
14851
145925
14854
14853
14857
145932
14862
14863
14864
14866
14868
14869
14871
14872
14873
14874
14877
14878
14881
14882
14883
14885
14886
14887
145959
14891
14892
14893
145963
14897
14898
14900
14902
14904
14905
14906
145977
14908
14907
14911
14912
14913
14914
14916
14919
14922
14923
14924
145995
14926
145994
14928
14929
277073
14931
14930
145998
277069
408151
14938
14940
14942
14943
146015
14945
408159
146019
14949
146023
146030
14962
14963
146036
14968
146045
146047
14976
14978
14979
408194
14981
408198
14983
408203
408205
146072
15003
15004
15005
15006
15007
15008
146079
277154
15011
277153
15013
15014
15015
15016
15017
15018
15020
15021
15022
277167
15026
15028
15029
408245
15031
15033
15035
15036
15037
15042
15043
15044
15045
146117
277190
15048
15049
15050
146121
15052
15053
263507
408270
15056
408267
15058
15059
146132
408272
263510
15066
15067
15068
15069
15070
277216
277217
15074
146147
408290
15077
15075
408292
277223
15081
15083
15084
277229
15086
408299
15088
15089
15090
15092
277237
15096
15097
15098
393775
15102
15104
146184
277261
146190
15119
15120
15121
15122
146192
15124
15125
277270
15126
15128
146198
146202
146203
15135
15136
15137
15138
15139
15142
15143
15144
146216
15148
15149
146223
15152
277296
15155
15156
15157
15158
146231
15159
146227
146233
15163
146229
15165
146238
146239
15166
15162
15170
15171
146243
15173
408381
15177
15179
408396
15181
15182
15184
15185
15186
15189
15192
15196
146269
15198
15199
146270
15201
15206
15209
277355
15212
15213
277357
15216
408435
277364
408438
408439
277368
277369
15227
146301
146304
15237
15239
15242
146315
15244
277388
277386
15247
146322
15251
15250
277396
277399
15256
15258
15259
15260
15261
15262
15263
15264
15265
15266
15267
15268
146341
408483
277415
15271
15272
277416
408490
15276
15278
15281
15282
15285
15286
146359
277432
15289
277435
15292
146364
408508
408509
408514
146371
15300
146373
15301
15302
146375
15303
277452
146381
15310
146380
15313
15314
277459
15316
15318
15319
15320
15321
408537
15323
15324
15325
277464
408543
408544
15329
408546
15331
146404
408541
408550
393821
15338
15342
146414
146416
15346
15347
15356
15357
146428
15360
15361
15362
15363
146432
15365
15366
15370
15371
15372
15373
15374
15375
3056
15377
15378
15379
146449
15380
15382
15383
15384
146455
277522
277528
15387
15389
15390
277533
15392
15393
15394
15395
15391
15397
277541
393834
15400
15401
15402
277547
277546
408620
408619
408623
408616
146473
408626
15411
15412
15413
277558
408624
15417
146490
15419
15420
15421
15422
15425
15426
15429
408647
408648
393841
15434
15436
15438
277582
15440
15443
146521
15450
15451
277594
277597
15449
15457
146530
15460
15462
15464
277610
15467
15468
15469
15472
15473
15476
15477
277622
15478
15482
15483
15484
15486
15487
146559
15489
277631
146563
15492
15497
15501
15503
408719
15506
146578
15511
15512
15513
15514
15515
15516
393857
277662
146596
15525
146599
15527
15531
146608
408755
277685
15542
15543
15544
277688
277686
277687
277690
15549
15551
15554
15555
15556
15558
15559
15560
146631
277702
15564
146636
15566
15567
15568
277710
277713
15571
146644
15573
277712
15576
15577
277724
15581
277726
15582
15584
15587
15588
146660
15590
15592
15596
15598
15600
15601
15602
15603
277749
146679
277751
15611
15613
393877
15616
15618
15624
277778
15638
15639
277783
15640
15642
15644
15647
15648
15651
277796
146724
15654
15655
15657
15658
15659
15660
15661
15662
146730
15664
15665
277809
15667
15668
15669
15670
15671
15673
15674
15675
15676
15677
277819
15681
146759
15689
277834
15691
277839
15696
15697
15698
277840
146768
15701
15702
277846
277847
15705
146778
15706
15708
15709
15703
146783
15711
15713
15714
146787
15716
15717
15718
15719
15720
15723
15724
15725
15728
15730
15734
15736
15739
408956
15740
15742
15741
15745
15749
15752
277900
15759
15761
15762
15764
15765
15766
15767
146837
15768
146836
15771
15772
15774
15775
146852
146856
15785
15787
15788
15789
277934
15794
15797
15800
15801
15802
15803
15807
146879
15810
146882
15813
146886
146893
15822
277967
15824
277968
15826
409041
15830
146904
146905
15834
15837
15838
15840
15842
146915
146916
15846
146919
15849
15850
146926
15855
15856
15858
15859
146933
15861
15864
15865
409082
15867
15873
146946
15875
15876
15877
146949
278018
146958
15888
409109
15895
278041
15898
146970
15900
15901
15902
15903
15904
15906
15907
278051
15909
15911
15912
15915
15916
15917
15919
15920
15923
15925
15926
15927
15930
15932
15934
15935
15936
409151
15938
15940
15942
15943
15944
278086
409160
15947
409164
278093
278095
15952
15953
15956
15957
15959
15962
15973
15974
15975
15976
15977
147050
278122
15978
15979
15982
15983
147055
15980
15986
15990
15991
15992
15994
15999
16003
16004
16005
16007
16008
16010
278154
16013
16014
16015
16016
16017
16018
16019
16022
16026
16028
16031
16032
147105
147106
16039
16042
16047
16048
16049
16052
16053
16056
16057
16058
16059
147132
16061
16066
16068
16070
16071
16072
16074
16075
16077
16079
16080
16081
16082
16083
16084
16085
147157
409297
16089
16090
16092
147164
16093
16094
16096
16097
147169
16095
278236
409311
16103
278247
16110
16112
16113
16116
16117
278262
16119
16121
16122
16123
16124
278269
278270
16127
16129
16130
16131
16132
16133
16135
16136
16137
16138
16139
16140
278283
16143
16146
16147
16148
16149
16150
16151
278296
16153
16154
16155
16156
16157
16158
16159
147227
16161
16162
147234
16164
16166
16167
16170
16172
278316
16174
16175
16176
147247
16180
16182
409398
16184
278329
16186
16185
147261
16190
278334
16191
147264
16194
16197
16198
16200
16201
16203
16204
16205
147276
278348
409421
16209
16211
16214
147287
16217
16218
16219
16220
16222
278368
16225
16224
16227
16229
16231
16232
16233
278378
16235
147307
16237
16236
409447
16240
16241
16242
278388
16246
16247
16248
16249
16250
278393
147323
16257
16258
16261
16263
16266
16269
16270
16271
16274
16275
16276
16277
394009
16279
16280
16281
16283
16284
147357
409502
16288
16290
147362
16295
16296
16297
147367
16299
16300
16301
147371
16303
16304
16305
16306
16307
16308
16309
409520
16311
16313
16314
278458
16315
16318
16320
16322
16323
16324
16325
16326
147397
16328
278475
16331
147405
409550
16335
16337
16340
147413
16342
147415
16344
16345
16346
16347
16350
16351
16353
409570
16355
16356
16358
16359
16363
16365
16366
16367
409582
147441
16370
16371
16372
16373
16374
16375
278514
16378
16379
16380
16382
16383
16384
16385
16387
16388
16390
16391
16392
16395
16399
278544
409617
16403
394034
16405
16406
16407
16409
16410
16411
16412
16415
16417
16418
16420
16422
16423
147496
16425
16427
16428
16429
16430
16433
16435
16436
16439
16440
16441
16442
16444
16447
16448
16450
16452
16453
147525
263786
16456
16455
394045
16460
147533
409676
16463
16464
16465
394047
16471
278621
147554
16486
16487
278632
394051
147575
16508
16509
147581
16511
409725
16513
16514
16515
16516
278660
16520
147592
16523
278671
16530
278674
16532
278677
16535
16538
16539
394061
16545
147618
16548
147621
16550
16551
147622
16553
394063
16555
16558
16559
16560
16561
16562
16563
16564
278706
16566
278717
278718
16576
16577
278730
16591
278738
278739
16605
16606
16608
16611
147683
16612
16614
278758
16617
16618
16619
16620
147692
147698
278771
278772
278774
16632
16633
16634
16635
16636
278778
16638
16639
16640
278780
16642
16643
16641
16646
147722
16651
16652
147726
147729
16657
16659
16661
278805
409879
16664
16665
16666
16662
278813
16672
147746
147747
278820
278822
278827
409900
16686
16687
409903
16690
147763
147764
16693
278837
147767
147766
147773
16703
147778
278851
16710
147787
16716
16723
278867
16725
16726
16727
16729
147801
16731
278878
147810
147815
147829
278901
16759
16764
16765
16766
16767
16769
147841
16771
147843
147846
16774
278918
147850
16780
16781
278924
278927
16784
278925
16783
147859
16790
16791
278935
147864
278939
541083
147868
147870
147871
16800
278946
16803
16804
147876
16806
16808
147882
16814
147886
147890
16820
16825
263860
147903
29397
147905
278978
16839
16843
278990
16846
16850
147923
16851
16857
16858
16859
279006
16866
16867
147939
16869
147941
16871
16873
16874
16875
16876
16877
16878
16882
16884
16885
16888
16889
16890
16899
410117
16902
410118
16905
279049
16907
16909
410126
16911
16912
16914
16915
16916
16919
16921
16922
16923
279068
16925
16926
410142
16931
16932
16933
16934
16938
16939
16941
279086
279090
148021
410167
279096
279100
16958
148031
148033
148034
16962
148039
279112
16969
16972
16973
148044
279117
16976
16980
410199
16987
16988
410205
16991
16992
16993
16995
16996
16997
16998
16999
279144
279142
410212
17003
17004
148077
17006
17005
17007
17009
17010
279149
148080
148083
17008
17015
279159
17021
17022
17025
17027
17028
17030
17035
279179
17037
17038
17041
17043
17044
410259
148117
17047
17048
148115
17057
17058
410284
17073
17077
17078
17082
279229
17086
17091
17097
410314
410315
17100
17101
17102
148175
148176
148172
17106
410319
17108
279254
17111
148184
17113
279263
148193
279266
17126
17127
17128
17129
17130
17131
17132
17133
17134
17135
17136
279278
279276
17139
17137
410348
17141
17143
17144
17154
17155
17157
17158
17159
17160
17165
17166
17168
17169
17170
17172
148244
17174
17175
17180
17181
17182
410397
17185
17186
17187
279332
17189
17190
148265
17198
17199
148273
17202
17203
17204
17205
17207
17208
17209
17210
148284
17212
17214
17218
17221
17223
279371
17227
17229
17234
17238
410455
17240
17241
148314
17244
17245
148318
17247
148317
279398
148327
17258
148331
17264
279414
148343
17274
17275
17276
17277
17278
148347
17281
148353
17282
148356
17285
148357
17287
17288
263951
17295
148371
279444
17300
17302
17303
17306
279450
148380
410524
17314
17318
17320
410537
148401
17332
17334
17335
17336
17337
148410
17339
148411
410554
17342
17343
17345
17346
17347
17350
17352
148429
148430
17359
17360
148432
17362
148435
148431
17365
148434
17367
17364
17376
17379
148451
17381
17382
17386
17388
279543
17399
17401
17402
17403
148478
148479
17409
148482
17414
17417
410634
17422
279568
279570
17428
17431
148503
17433
279578
17435
17436
410649
17439
279583
148511
17443
279588
17445
410661
17447
17450
279598
17455
279600
17457
17460
17464
17465
17466
17467
148536
279608
17470
17469
17473
17474
17478
17479
410694
17481
17483
17485
279629
17487
17486
148558
279634
279635
17494
17495
17496
279641
17501
410718
148584
279657
410729
279661
279668
148597
148596
17529
17532
279679
17538
17539
148615
279687
148617
279690
279692
148622
279698
148636
17566
279714
17571
148644
17575
17578
410794
148652
17582
17584
17585
17589
17590
17591
17592
17593
148662
17595
17599
17600
17602
148675
17604
17605
17606
17609
17610
17612
17614
17622
148697
17629
17630
17631
17635
17637
279784
17641
17642
17640
17644
17645
17653
17654
17657
17658
17660
17661
410876
17664
17665
17667
279818
17677
17680
17681
148753
17684
17685
279828
17687
148757
17689
17691
17692
148766
17695
17696
279841
279842
17699
17700
279845
17704
410921
148777
17707
17708
17709
17710
17711
279852
148782
148784
17712
17720
410936
17725
17728
17729
279874
17731
17734
148807
17736
148811
17740
17741
17744
17745
410965
148822
410970
279901
410974
279902
17761
148833
17768
17770
17771
279914
148843
410988
17775
410987
148845
148850
279922
17780
148853
148857
411005
17790
148863
17792
411009
17794
17795
17796
148864
411013
411012
411007
17801
411014
17803
17804
411019
17806
411023
17808
17809
17810
17811
411025
17813
17814
148885
279960
411024
17818
17819
17820
17821
279966
279967
17824
17825
279968
411039
279972
17829
279973
17831
17832
279977
17834
279979
17836
279982
411054
279984
279988
17845
279992
279997
279998
280002
280004
280005
411081
17870
17871
280016
411088
17874
280019
17875
17880
280028
17885
17886
17887
280030
17889
17893
17894
17895
17897
17898
280045
17902
17903
17905
17906
17907
17908
17909
17911
17912
17914
17915
17917
17918
17920
17921
17922
411139
17925
17926
17927
411141
264080
17935
17938
264081
17941
280092
17949
149023
17952
149026
17956
264085
17960
17961
17962
17963
149035
17965
17966
133828
17971
149043
17974
17978
17979
280122
280127
17984
17985
280129
411201
17988
280133
17990
17991
280134
17993
17994
17995
280132
18002
411221
18009
149085
149087
18015
18016
18017
18019
280165
149094
411237
18029
18030
18031
18032
18033
18034
18035
149101
149107
280176
280182
280178
18041
149114
18043
149116
149117
18046
18047
149119
18044
18050
18051
411268
18056
411275
18060
18061
411279
18065
411282
18068
18069
411287
18072
149145
18074
280218
149146
149149
149150
18079
18080
18082
149155
149154
18085
18086
18087
18088
18091
18093
18094
18096
149170
280242
149172
18100
149180
280254
18111
18112
18113
18116
18117
18118
149190
18120
18122
18125
18126
18128
18129
280276
18133
149206
149213
18141
18146
18147
18148
149218
18150
18151
18152
18153
18158
149232
18161
18162
149235
18164
18165
18166
18168
18169
18172
18174
18175
18176
18178
18180
18181
18182
18183
149255
18187
18188
18189
18190
18191
18192
18193
411405
18196
18197
18198
18200
18203
18205
18206
18208
18209
18212
18214
18215
18217
18218
18221
18222
18223
411442
18228
18229
18230
18232
18239
18240
411456
18242
18245
18247
280392
149320
18250
18252
149325
18254
149326
18256
18257
18259
18264
18265
149336
149343
280416
18273
18274
542563
18276
149347
18278
18279
280422
18281
18282
18283
149355
18287
18289
18290
149362
18292
280437
18299
18300
411516
18302
18303
411518
18305
18311
280459
18316
18317
18320
280465
18323
280468
18329
411545
18331
18333
18334
280477
411549
149414
149416
280495
18352
18355
264164
18357
18359
18360
18362
280509
280512
149445
18374
18375
18373
18377
18380
18381
149455
18385
18387
149459
18391
149464
149465
18394
18395
149468
149469
18398
149467
18402
149474
18404
18405
18406
149476
18408
18410
18411
18412
18413
18414
18415
411632
18417
411626
18420
18421
411638
18423
18424
18425
18426
18422
18428
18432
18434
18435
149507
18437
149511
280583
18441
411656
149515
18444
18445
18446
18447
18449
18450
18451
18457
18458
18462
411678
149535
18467
18468
280612
18475
18476
18477
18480
18484
18486
18487
18489
18491
18492
18493
18495
411711
18497
18498
18499
18500
18501
18502
18503
411717
280640
18506
18507
18508
18509
149576
18512
18513
18514
149586
18516
280657
18517
18519
18520
411736
411738
280668
411741
149600
18529
18530
280674
18533
18535
18538
18539
18543
280690
18548
18549
18550
18551
18553
18555
18557
18558
18560
18561
18562
149634
18568
18569
18570
149642
18571
18573
18575
280723
280726
149657
18586
18587
18588
18589
18590
18591
411802
18595
18596
18597
18598
18602
18603
411822
18606
149682
280755
18612
18613
18614
149687
18615
18616
149690
18618
18620
18621
149691
18624
411840
18627
18628
280771
18632
18633
18634
149708
18638
18639
149712
18642
18643
18644
18645
18646
18647
18649
18650
18651
18652
149725
280795
149722
149727
411873
18658
149723
18660
18665
18666
18670
18671
18672
149744
18674
18673
18680
18681
18682
18683
18684
18686
18688
18690
18691
18692
18693
18694
149763
18696
280840
18698
18700
18701
18702
18703
18704
18705
18706
18707
411918
18711
18712
18713
149786
18721
18722
149793
18724
18725
18726
18727
280873
280874
18731
18734
18735
18736
18739
18741
18747
18755
18756
280901
18758
18759
18760
149832
18762
18763
18764
18761
411978
411976
280913
18770
18771
18773
18774
18775
18776
18777
280922
280923
18780
18781
149854
18783
18784
18785
149856
18779
411999
412000
18790
149862
149868
412013
149870
149871
18801
149874
18802
18804
18805
280948
149883
280957
18815
18816
149887
18818
18819
18820
149893
18823
149895
18825
18828
149900
18835
18836
280979
149910
18839
18840
18841
149911
412059
18846
18848
18851
280996
149926
18856
18857
18858
18862
18865
18866
18867
149940
18869
18870
18871
18872
18874
149946
412090
412093
149949
18879
18881
18882
149955
18885
18886
18887
149957
18889
18890
412105
18892
18893
18894
412109
18896
18897
18898
18899
18900
18902
18904
18905
18906
412120
18908
18910
149983
18913
18916
18917
18919
149991
18920
18923
18925
18926
18927
18928
18929
18930
18932
18935
18937
150010
18939
18940
281085
18941
18943
18944
150015
18947
18948
150025
18955
150029
18966
18969
150041
18971
150043
18972
18973
18975
18974
18977
18978
18979
150049
150051
150054
18983
18984
150056
281122
18987
18988
18989
18990
412205
18992
18993
18994
18995
150066
150065
412214
412213
412209
412208
19002
412222
281152
19008
19010
150084
19014
19016
19017
281161
150093
150095
19025
19026
150099
150100
19029
19033
19035
150108
281180
19039
19042
281189
150117
19049
19050
19051
19052
19053
150124
19054
19058
19059
19064
19065
281209
19067
19066
150140
412280
281215
19072
19075
19076
19079
150151
19082
150154
19084
19085
19086
19087
281230
150157
150161
19083
19092
412309
19094
19095
19096
281238
19099
19100
19101
281245
19103
412316
19105
19106
281249
19108
281255
19112
412329
19114
281259
150188
19118
19119
19120
150191
281262
19123
19124
19126
19127
19128
150201
150202
19132
19133
19136
19137
150208
19139
19140
150211
19142
19143
150213
281289
150218
19147
281291
412363
19150
150223
19152
19153
281298
19155
150226
19157
19158
150229
150230
150224
19159
19164
19165
19169
19170
19171
19173
19174
150247
19176
150249
19178
19181
19183
19184
19185
19186
19187
281338
19197
19199
19200
150273
19203
19204
281351
19209
19212
19213
19214
19215
412431
150288
281364
412437
19222
19223
19221
19235
19236
281380
19238
19243
19244
19247
19249
412467
19252
19254
19255
150329
19258
19259
412478
150335
19265
150338
19267
19268
19273
19274
19275
19276
281418
150354
19286
19287
19288
19293
19294
412511
19297
281443
19300
412518
412519
19305
19306
19307
19311
281456
19312
19316
19317
19318
19322
19323
19324
281468
19326
150396
412540
281475
412547
19333
19335
19336
19337
19338
19342
19344
19345
19348
19349
19354
19357
19361
19362
281506
19365
19366
281510
19369
19371
19373
412590
19375
19378
19379
19380
19381
19382
19383
19384
150456
19386
281524
281531
19392
19398
150473
19403
19404
19405
19413
19414
19415
19416
19418
19419
19423
19425
19426
19429
19430
19433
19434
281583
412660
19445
19446
281590
19448
150523
412669
281600
19457
19459
19460
412678
19463
150535
150540
281615
412687
412692
281623
19482
19483
412698
19489
19490
19492
19493
19494
19495
19496
412711
19499
19501
19503
19504
19505
19506
19507
19508
150578
19509
19513
412730
19521
19525
150605
150606
19542
19543
412758
19545
412762
19548
412766
19551
19552
134144
19554
19555
19556
19553
19560
19562
19564
19566
281713
19576
19580
19582
19583
19585
150658
19587
281730
150657
19590
19596
19597
134153
19599
19600
19601
19598
412818
150677
19606
134155
19610
19614
19615
19616
150689
19618
19620
19621
150694
19623
19624
19625
19626
19629
150704
281778
412851
19636
19637
281780
281783
150712
150708
150710
19654
19657
19661
19662
19663
19664
19665
19666
150736
19670
19672
19673
150747
19676
19675
281826
19688
150768
19698
19703
150778
412924
19713
19715
19723
19724
19725
281869
19728
19731
19736
19738
19740
19742
150823
19753
19754
19757
412974
19759
19760
19761
19762
19765
19766
150839
413011
19797
150871
413017
19803
150875
19809
19812
281957
150889
19819
19822
19823
19824
150897
281968
19827
19828
19829
19830
413043
19833
413049
413052
19837
19840
150912
281987
19844
19846
19848
281992
19850
150922
19855
282009
150938
19874
19875
282024
19884
150958
19887
282035
19893
282040
282041
19898
19899
282042
19901
19900
19904
19905
19908
282052
150983
19912
19913
282058
150987
19918
150993
282069
282070
19929
19930
19931
151003
19933
282078
19935
19936
151009
19939
282084
282086
151014
151017
19946
19947
413165
19950
19951
19952
19953
151024
19955
151026
19957
19958
19959
19961
19962
19963
19965
19968
19969
151042
19971
19972
19973
19974
19975
19976
151043
151044
19978
19980
282116
413198
19988
151062
19993
19994
19995
151068
19997
19998
19999
20000
151069
20002
20003
20004
20006
20007
20009
20012
151085
151086
20015
20016
20017
413232
413235
20021
20024
20025
20027
20028
20029
20032
20033
20034
151106
20036
394755
20043
20044
20047
20048
20049
151123
20051
20053
413279
20064
151136
151138
20067
20066
20069
151141
20071
20072
20068
20075
20077
282225
20083
413300
20087
20089
20092
20093
20096
282248
151176
20106
20107
20108
151180
20105
394770
20110
20115
20120
20121
282266
20123
282268
413337
20126
20127
20128
20132
413349
151207
151209
20139
151211
20145
413361
20147
20148
413362
282296
20153
282297
282298
20156
151227
20158
20160
151232
20162
20163
20164
20161
282308
282313
20171
413388
20173
20174
413391
20177
20178
151250
20181
20182
20183
20186
20187
20196
20197
20200
413417
282346
20205
413421
20210
20211
20213
413430
20216
20220
20221
20223
20224
413441
20226
20227
413440
282374
282376
282377
413452
20238
20239
151310
20242
20246
282390
413467
413471
282399
413476
20263
20268
20270
20271
20276
20277
20278
20283
151356
20287
151359
20289
20294
151368
20296
20298
151370
20301
20302
20303
20304
20306
20307
20308
20309
20310
20311
20312
20316
20318
20321
20322
20323
20324
20325
413543
20329
20330
413547
20332
20333
20334
20337
20339
20342
20343
20345
20347
20348
151419
151423
20352
20357
282502
20359
20360
20361
20362
20363
20364
151436
413579
20367
413580
20372
413588
20375
20377
20378
20379
413594
20381
20382
20385
20388
20389
20390
20391
151474
20405
20407
20408
282553
20410
20413
20414
20416
151489
20417
20421
20423
20424
413640
413644
20430
20431
20432
413648
413646
20435
20436
151509
20438
20439
151506
20441
20442
20443
20444
413658
20449
413666
20453
413669
20455
20454
20457
20458
151534
151535
20465
20468
151540
20471
20472
413687
20473
20478
282624
20481
20482
20483
282631
20493
20494
20495
20497
20502
20504
20506
20507
20511
413727
20513
151590
282663
20520
20521
282665
413736
20525
20526
20527
20528
20529
20530
20531
20532
20533
282672
20534
20536
20537
394855
20539
20540
20542
20543
20544
20545
20546
413762
20548
413765
413764
20551
20553
413770
20556
20558
20561
20562
413778
20564
20565
413782
413780
20563
413785
151652
20583
413806
20591
151662
20595
413817
20604
20605
20606
20607
151679
151687
20616
20617
20618
282762
20620
151693
20622
20623
282768
20625
20626
413834
20628
20629
413837
20637
20638
20639
20640
413857
20642
20643
20644
20645
20646
20648
20649
20650
20651
151727
20656
151731
151732
20661
20662
20663
20665
413882
20668
282813
151743
20675
20676
20678
20679
20681
20682
20683
20684
20688
20689
20693
20694
20697
20701
20704
413927
20712
20713
20714
20715
20718
20719
20720
20721
20722
20723
20726
20731
20735
282879
20737
413953
20742
20753
151826
20755
413971
20758
20759
20760
20761
20762
20763
20764
282905
20766
151839
151831
20769
20770
282915
413990
282919
151848
413992
20778
20776
20781
20782
413998
20784
151857
414001
20787
20789
151864
20794
20802
20803
20806
20811
414027
20813
20815
151896
20825
20829
20832
282980
20837
151909
282983
282984
151911
20842
20846
20847
20848
20849
20850
151923
282996
20853
414067
414063
20856
20857
20858
20859
20860
20861
20862
151933
20863
151937
151935
20870
20871
20873
20874
20875
20876
20878
20879
20882
20883
20884
20885
20886
151960
20891
20893
20894
20898
20899
151970
20907
20912
20916
20919
151992
20921
20927
20929
20931
20932
20933
20934
20941
20942
20943
20944
20945
20946
20947
20949
152023
283101
414173
283105
20963
20967
20968
20969
152042
152044
414190
20975
152047
20977
20978
283118
20980
20981
20983
283127
20984
20986
20992
20993
20994
20996
21001
21006
21013
21014
283161
21024
21026
21027
21028
21029
21030
152100
21032
21033
21035
21038
21039
21040
21041
21042
21043
152113
21044
21052
21055
21056
21057
152130
21059
21060
283201
414276
21062
21070
21074
283227
152155
283235
21106
283252
21115
21118
21128
21131
21132
21135
21137
283281
21142
21143
152215
21145
152218
21147
21148
21151
21153
21156
414372
283302
21159
21158
21166
21167
21168
414382
21173
283317
21175
21176
414392
283322
21179
21178
21181
21182
21183
152256
21185
283329
152259
283330
21189
152257
21191
21193
152266
21194
21200
152273
21202
283350
283351
21208
414425
21214
21219
21220
283366
21231
283378
414453
414454
414455
283384
21241
21242
21240
21244
21245
21246
283389
21251
21252
21253
21256
21259
21265
21266
283424
21282
21290
21291
21293
21294
21295
21296
21297
21299
21301
283445
21309
21311
21316
152388
152393
21323
283467
21325
414547
21332
21334
21335
21336
283480
21338
21343
21344
21345
21348
21349
21352
21355
21356
21362
21366
21370
21371
21372
21373
21375
21376
21377
283521
21380
414597
21382
21383
21385
21386
283536
21393
21394
414610
152468
21398
21407
283552
21409
21410
21413
152490
414642
21427
21430
21431
21433
21435
152514
283587
152516
21442
283589
21447
283591
21449
21450
21451
283596
21453
21454
21452
21459
152532
21461
21462
21463
21466
21467
21468
21481
21484
21488
21489
21490
21493
21494
414711
152570
21500
21501
21502
414719
152578
21508
21509
283655
21512
21513
152584
21515
21518
21519
21521
21525
152599
414743
152601
21531
152603
21533
21534
21535
414749
21537
21538
21539
152611
21542
283686
21544
414762
152618
414767
152625
283698
21554
283700
283701
21555
283703
283704
414771
414770
152635
21564
283708
283707
21567
283712
283711
21570
21566
283710
21571
414782
21575
21576
414792
21578
21581
283726
21583
152653
21586
21587
21588
21589
21594
21596
21600
21605
21610
414827
21612
21613
21614
21616
21619
21620
21622
21623
21625
21626
21627
21629
21631
21634
21635
21636
21641
21644
283792
283800
21657
21661
152736
152737
21666
21665
21664
21671
152745
152747
152748
283827
152756
152760
414910
283839
21700
545992
21705
21707
152780
21710
21711
21712
21714
152787
21717
152790
21719
152792
21721
152789
152795
21724
21733
21734
21735
21736
283881
21741
21742
152813
21751
152823
21753
21754
21755
283899
21752
414977
152835
21764
21765
21769
283915
152846
21775
21776
21778
21779
21780
21781
21784
21786
21788
152861
21789
21791
21792
21793
21794
21795
415010
21799
21801
415021
21810
21811
21814
283959
415032
21819
21822
21828
152906
21836
21837
21838
21840
21841
21842
21843
152912
21845
21846
21849
21851
283995
415072
21861
21862
415078
21866
21867
21868
152938
284013
21871
152943
21873
21874
415086
21876
152948
21879
21882
21886
21887
21891
21893
21896
21900
284048
21905
21906
284050
284052
284053
21910
284054
152986
21915
152988
152989
415132
284063
152992
21921
21922
21923
415137
21925
21927
21930
21935
21946
21947
21948
21949
21950
153021
284096
21954
21955
21956
21959
284106
153035
21964
21966
21967
21968
153041
21970
21972
284117
21974
21982
284129
21988
21989
284134
21991
21990
284135
284140
21997
415214
153072
153073
22004
153076
22007
284152
22010
284154
22013
22014
22016
22020
22021
22023
22025
153098
153100
22029
153104
415248
22034
415254
264896
415255
22043
284189
153118
22045
22048
22049
264898
22051
22058
153133
22066
22067
153141
284213
284215
22072
22073
22074
22075
22076
264904
153153
22084
153158
284231
153161
22090
153163
153162
22093
22094
153166
153168
153165
153170
153169
22100
22099
22102
284246
415312
22105
284250
22112
22114
284258
22121
153196
22124
284270
22130
284274
284276
284275
284278
22135
22136
22137
284279
22140
284284
284286
415358
284288
284289
284290
284293
284294
22152
284296
22154
22156
153228
284300
284303
22160
284305
284306
22162
415381
22167
22171
22172
153246
22175
22176
22177
22178
415396
22182
415401
22189
22192
22193
22194
153266
284343
22200
22201
153272
22213
22215
284362
415441
22230
22233
22238
22240
22241
22242
22244
22256
22257
153329
415482
22267
22274
153348
22279
284427
22285
153359
22288
22289
22292
22293
284440
22301
22302
22305
22307
22309
22311
284457
22314
22315
284460
22317
22318
22319
22316
284464
153386
22323
284467
22326
22327
22328
284470
415542
153399
22334
22335
153410
22342
22345
153420
284493
22350
153423
284497
22356
22358
22359
22365
284514
22371
153444
22373
22376
22377
22379
22383
22386
22387
284530
22390
284536
284537
22396
22398
284543
284547
22404
22408
22414
415633
22419
284564
22423
284568
22426
22429
22434
22435
284581
22440
153518
22447
22448
22449
22450
22451
415665
22454
22455
415671
22460
22466
153541
22473
284620
22477
22478
22479
22484
22485
153556
22489
22490
153561
22492
22494
22495
22498
22500
22501
22502
22504
153576
415725
22509
415730
22515
415735
22520
22521
22522
22519
22527
284674
22536
22537
22538
284682
153609
22543
284689
22549
415766
415767
22553
22554
22555
22556
22559
22561
22568
153641
22572
22573
22575
22578
22579
153652
22582
22584
22585
22586
284729
22588
22590
22592
22595
22596
22597
153670
22599
22600
22602
22606
22609
284753
22611
22612
22613
22614
22615
284760
22617
22618
415826
22620
22621
284765
153694
153695
22625
22623
22627
415842
153701
22633
22638
22640
22642
22643
153717
415861
22649
22650
22657
22660
153737
153738
284813
22672
415892
153750
22681
22682
22683
153755
22688
22689
22692
22694
284841
415914
22701
153774
22707
153779
153781
22710
22711
284853
22717
22718
153795
22726
22727
22728
284870
22731
284875
22733
22734
22741
22744
22745
22747
153820
22749
22750
22752
22758
22765
153845
22774
22777
22779
153854
22784
22787
22788
153864
22794
22795
22796
22797
22798
22800
22803
22804
22805
416023
22812
22817
22819
22820
22821
22822
22824
22825
22826
22828
22829
22832
416051
153913
22842
22843
22841
284995
22857
416079
153936
285011
416086
22871
22870
22874
285020
22879
285024
22881
22882
285026
22892
22894
153967
22897
22899
22901
22905
22907
22908
22910
22911
416127
22913
22915
22916
22924
153997
153999
416148
22936
22937
22938
22939
22941
22943
416160
22947
22949
416166
22954
154028
22958
154030
22965
22968
22969
22970
22971
22972
416186
22974
22975
22976
285120
22984
22985
154060
285135
22994
154066
154068
416211
22998
22999
23001
154073
416226
23014
416234
23019
23020
154093
23022
23023
23024
285165
23030
285176
23033
416251
285181
23039
416256
154115
23044
23045
416261
23047
23048
23049
23050
23051
23056
285205
154140
23069
285213
416290
23076
23077
23082
23096
23097
23098
23101
23102
285245
23104
23107
23108
23109
23111
23112
23114
23115
154188
285264
23122
285270
23127
23128
23126
23132
23134
154207
154211
23142
23143
416361
23148
23150
23151
23152
23153
23154
23155
23159
23160
285307
23166
23167
23168
23169
23172
23173
23174
416390
23178
416398
23189
23190
285337
23194
23196
154270
23200
23202
154276
23205
23207
23210
154282
23220
416437
23223
416445
23239
285387
23244
23245
23253
154326
23254
23255
285401
285400
285398
416477
416480
285409
285410
23269
23270
23273
285423
23280
23281
23282
23283
23284
416499
23286
23289
154371
23303
154375
23305
23312
416530
285460
23319
285463
23325
154397
154399
154400
23330
23331
23333
23334
23338
23340
23349
416569
154430
154431
416574
154433
23367
23368
154441
154442
23377
23378
23381
23382
23383
23385
285530
416602
285532
23389
23388
23391
547680
23393
23395
23397
23398
285549
23410
154482
285558
416635
23423
23427
154501
23431
23437
23438
23439
285581
154515
23446
285592
23449
285594
23451
23452
285597
285595
285598
265178
416680
154537
23470
416688
416691
23476
23478
23479
23483
23488
23495
154575
23504
285649
23506
23508
23509
154582
23512
23514
23515
23516
23518
23520
23521
23522
23523
23524
23525
23527
23529
23531
23535
23538
285685
285689
285692
23550
154623
154622
285697
285696
285700
23566
23567
23570
23574
154653
23587
285733
23590
154663
23592
23594
23598
23599
154671
23601
23604
23606
23609
285755
23614
23615
23618
23619
23620
23622
23626
23627
23628
23629
154700
23631
23637
23638
285783
285787
154718
416867
23654
23655
154727
285803
154735
154738
23668
285814
23676
23683
23685
23691
23692
285838
285840
285841
285843
285844
23703
285848
23705
23706
154779
285851
265228
23704
285856
285858
154786
285860
23717
23719
23720
154792
285863
154795
23724
154793
285864
285869
23728
23729
23730
23733
416951
23736
23739
23742
154821
23750
23752
23759
23761
285908
23764
23767
416987
23776
285923
417004
23790
285935
285937
417011
285946
23802
23805
154877
154879
23807
23808
285953
417026
417028
285959
23816
23817
23819
23825
23827
23830
23832
23834
417056
23843
23847
285992
23848
285994
154922
23853
23854
23855
23857
286003
23861
286007
23898
154972
23903
23908
154980
23916
23919
23924
23928
23939
155011
23941
23942
23943
23945
155017
23947
23949
23951
23954
23957
23962
23963
23965
23966
23967
23976
286120
155052
23981
23985
23986
23990
23995
23996
23997
23998
23999
24002
24003
24004
24005
24006
24007
24008
24010
24012
24014
24016
24018
24020
24021
24022
24023
24024
24025
24026
286170
24032
24034
155107
24037
24038
24040
24041
417257
24043
417261
24047
24048
286192
24050
24051
417263
24053
24049
24055
24056
155128
155130
24059
24060
155132
24062
286208
24065
24066
24068
417285
24070
24071
24073
286217
155145
24077
24078
24079
24080
24081
24084
155157
24086
24085
24090
24091
24092
286235
24094
286239
24097
155169
24099
24100
24101
24102
24103
417320
417321
24106
24109
24111
286256
24113
24115
24116
155191
24122
24123
24124
286267
24126
417341
24128
24129
24130
24133
24134
155208
24137
24140
155217
155219
24149
24150
24152
24153
24154
286301
24159
155233
24161
24163
24164
24166
24167
24168
24169
24170
24171
286313
24173
24177
24179
24182
24183
417399
24185
24186
24188
24189
24190
417406
24192
24194
24195
286339
24197
24198
24199
24200
24202
24203
286348
24206
286352
417427
24212
24214
155288
417432
24220
24221
24223
286367
286369
24226
286372
24229
24230
24232
24235
24236
155308
417451
24241
24243
24248
24249
24251
155325
24254
24253
24257
286402
24259
24260
24258
417478
286407
24264
155336
24266
155341
24272
24273
24274
417489
24276
417500
24285
417503
24293
286437
286452
155386
155397
155399
417544
24330
417546
417548
286477
24341
24348
24349
155426
24356
24357
24358
155434
24363
24365
286512
155445
286519
155447
286521
155451
24381
24382
24385
155459
24388
286532
286534
286538
24395
24397
24398
286545
24402
24403
286548
24405
24408
24410
286554
417633
24418
24420
286565
286567
24424
24426
24428
24429
417644
24432
24436
24438
24439
24440
24442
24446
24447
24448
155518
24450
286595
24452
24453
24458
24461
417678
155540
24469
24470
24476
24477
24479
24480
24481
417695
155556
24487
24488
24499
155577
24506
24508
286654
286657
24518
155596
24525
155597
286668
24524
155605
286687
24548
24553
24554
286697
24556
24558
24559
24560
24561
24563
24564
24565
24566
286709
24567
24569
24570
24571
24568
24575
24577
24580
24582
24583
24584
24585
24587
24589
155661
24590
417807
286743
417815
24603
417820
24611
155685
417830
24615
24617
24618
24619
24621
24623
24625
24626
24631
24632
24633
24634
155706
24641
24642
155714
24645
286789
24647
24649
24650
155724
24653
24654
24655
417870
24657
286805
24662
24663
24664
417877
24669
286817
24675
24676
24678
24679
155751
155752
24681
24683
24684
24685
155756
24686
155765
24696
24703
24707
24709
24711
24712
24713
417936
155796
286868
155797
417943
24729
286873
24731
24732
286875
24734
24735
24736
24739
24740
24742
24745
24746
24747
24748
24749
24750
24751
24756
24767
24768
24769
24772
24774
24777
155852
24782
286926
24784
24787
24791
24793
24794
24795
286940
24797
24798
24799
24801
24803
24804
24805
24807
24808
155887
24816
155890
24821
24822
24825
24826
286971
24828
24827
24830
24831
418047
24832
286986
286987
418072
24858
24860
24862
24863
418078
24864
155939
287011
24870
24873
24877
155953
24881
24883
155956
24885
24886
24889
4948
24908
24909
24913
24914
24916
24918
24919
24920
24921
24923
24924
24925
24926
24927
418143
24929
156007
24936
24940
287084
156015
24948
156022
24951
24955
24959
24960
24961
24962
24963
24964
24965
156033
24971
24973
156045
24977
24978
24979
24982
24984
24985
24986
156063
24993
156068
24998
25001
25003
25004
25005
25006
25007
25009
25010
156084
25014
25016
25018
25019
418235
25021
287169
287170
25033
287178
287179
25035
25037
25038
25041
25047
25048
25050
25051
25053
25055
418272
156129
25058
25059
25060
25062
156135
25066
156140
156141
25073
25074
156145
25078
25079
25087
25088
287233
25095
287241
25099
25103
25105
25107
156180
25109
25110
25111
25112
25113
25114
25119
25121
25124
25126
25128
156201
25130
25132
25133
25137
287281
287284
25147
25148
25149
156220
25151
156225
25154
25155
287299
287301
25160
287305
25161
156235
25164
418378
25166
25167
25168
25163
25172
287322
25182
25183
418399
25186
25188
25189
25190
25195
25196
156268
25198
25199
287344
25205
156277
25208
25209
25212
156284
287358
156288
25218
156292
25221
418437
25224
25232
156306
25234
25237
156310
25239
25241
156317
287391
25248
156320
25251
25253
156326
156327
156329
25259
156332
156335
25264
156339
25269
287415
156345
287422
287424
287426
25283
25284
156356
156360
25290
25293
25296
25297
25300
25305
156381
25311
25312
25313
156388
156389
25318
25319
25320
418533
25329
25330
156403
25334
25338
287483
287484
287486
156415
156420
287493
25350
287495
25353
25354
25355
287497
25356
287499
25358
25360
25361
287504
287507
25364
287509
25366
25369
156441
418585
25373
25376
25377
156448
25379
287524
25381
25385
25386
25388
25389
25391
25392
156465
25395
25403
25405
25407
25413
25423
25425
25426
25428
156500
25430
25431
418647
287574
25434
25435
287578
287581
25438
156510
25440
25441
287587
25445
287590
25447
25450
25451
287594
418667
156529
287603
25460
25461
25462
395834
418680
25465
25466
25467
25468
418685
395836
25471
25472
25473
25474
25475
25476
156547
418693
287623
418691
418688
25482
418697
287628
287630
287636
156566
25495
25494
25497
25499
25500
25501
25502
25503
25504
287647
25506
25507
25508
25509
25510
418718
25512
25516
25517
25518
25519
25520
156597
25525
25527
25528
156603
25532
25533
25536
25538
25539
25541
418757
287689
25548
25549
25550
25551
25553
156627
25556
25557
418771
287703
25560
25562
25563
25564
25566
25568
156643
25572
287717
25571
287719
418787
25587
25590
25594
25597
25598
25599
25602
25603
25606
25608
25621
25623
25624
287767
25626
25627
25628
156700
25630
25625
25633
25636
25638
156711
287784
25641
156713
25643
25645
287790
25646
25647
25648
25649
25650
25651
25652
25653
287793
25655
25656
25657
25659
25660
25661
418879
25664
287811
25667
25670
287815
287816
25673
25674
25672
25675
287821
25678
25680
25682
25688
25690
25694
25695
25697
25698
25699
25701
25704
287855
25713
287859
25716
25719
25720
25722
25723
287868
25727
25728
25735
25736
25738
25739
25740
25741
25744
25745
25746
25748
25749
25750
25751
25752
25753
25754
25755
25756
287898
418969
287903
287904
418970
25763
25764
25767
25768
25769
25770
418985
25772
25773
25774
418990
418992
25771
25778
287925
25783
25784
287929
25786
25787
287935
25793
25795
25796
25797
287940
25799
25801
287947
287948
25803
287950
25807
419037
287968
156896
25831
25832
25833
25834
156908
25838
287982
25842
156917
25846
287991
25848
25852
25853
25855
25858
25862
156937
25866
25867
25868
25869
25872
25874
25875
25876
156954
25884
25890
288035
288036
25893
25894
156965
25896
419109
25898
156968
25900
25892
25902
25903
25904
25905
25908
156981
156982
25914
25915
156988
25918
25919
25921
25922
156995
156993
25925
25926
25927
419147
157005
25934
25935
25936
25939
25941
25943
25944
157016
288094
25951
25952
25953
288098
25955
25956
288101
157031
288105
25961
157033
288108
288109
25967
25968
25969
25970
288111
288117
157045
25975
25973
25977
288122
157050
419192
25974
288126
25983
25985
288130
157058
288129
288132
25993
25994
25998
157072
157075
26005
26009
288153
26011
288154
157085
26014
288158
26015
26010
26018
288162
288164
288165
26022
26016
288168
157099
288171
288173
26030
26031
26032
26028
26035
26036
26038
26039
26040
26042
288186
26044
157117
419261
157123
26056
157129
288201
157132
157152
157153
157161
419315
157174
26103
157178
26108
26111
26113
419330
26119
395965
26121
26124
26126
26130
26131
26132
26133
26137
26138
288281
26140
26141
26142
288286
288288
26143
288290
288291
288292
26149
26147
26151
288296
26152
26153
26155
26156
288301
26158
419371
419372
26162
26165
26166
157239
288312
26167
26169
419386
26168
288313
26170
26171
26172
26173
26174
26175
26176
26178
26179
26180
26181
26182
26177
26185
26186
26189
26190
26191
26195
26198
26199
26200
26201
26203
26204
26205
157283
419428
157286
419430
157289
157293
26223
26225
157301
26230
26232
157305
26234
26235
26237
26241
26242
26243
26244
26245
26246
419459
157320
26247
26250
26252
26254
26255
419471
419472
26258
26259
26261
419478
26263
157336
26264
26266
26267
26268
26269
26270
26271
157343
26275
26277
26278
288421
26280
157350
26282
419499
26283
157354
157353
288430
26286
157360
288427
26290
26291
26285
26293
288438
26289
26296
157370
26299
26300
26298
26302
157375
26301
26306
419522
157380
157384
26312
157386
26314
26316
26317
26319
26320
26321
157394
26323
288463
26325
26326
26327
26328
26329
419546
26331
26332
26333
26334
26336
26337
26338
157409
26340
288481
26342
157414
157417
26347
157420
419566
26350
157422
26352
157424
26354
26355
26356
26357
26351
288503
26360
288504
26358
26366
26367
26368
26369
26370
26371
26372
157447
26376
288521
26378
26379
26380
26381
288526
157449
26385
26386
26387
26388
26389
26390
26391
419601
26393
26398
26405
26408
419628
26422
419639
26425
26426
26427
26428
26430
26431
288581
26437
26440
26441
288585
288587
26444
157515
26447
26449
26450
26451
26452
288594
26454
26460
26461
26463
419680
26465
26466
26467
26469
26472
157544
288618
26475
157547
26477
26479
26480
26483
26484
419700
26486
157559
26488
419709
26497
26498
26500
26502
26503
26504
26505
26506
419721
26508
26509
26510
157578
26513
26514
26515
26516
26517
26518
26520
26521
26522
288668
26525
419743
26530
26531
26533
288678
26535
26537
26538
26539
26540
26541
26547
288691
26550
288694
157625
26554
26555
419771
26558
26560
26561
26564
288708
26566
26567
288710
26569
157641
26571
26573
26574
26578
26579
26580
157655
26584
26587
26588
26589
26593
26594
26596
26598
26599
26600
26602
26603
157674
157676
26606
26610
157682
26612
157683
26614
26615
157687
26617
26618
157690
419835
26621
419831
157696
26626
288772
26630
26631
419846
288778
26635
26636
26638
26639
26642
26643
288788
288789
26648
157722
157723
26652
157724
26654
26655
26656
26657
157729
26651
26661
26663
26665
26666
26670
26674
26676
26677
26679
26680
26682
26685
26686
26687
26688
26689
26690
26691
26693
26694
26699
26700
26701
26702
26703
157779
26710
26712
26714
26715
157787
26718
26719
26722
26723
26725
26728
157800
26730
157803
157807
26736
26743
26744
288890
26747
26748
157820
26751
26752
157825
157824
26755
157827
157829
26758
288899
157832
26761
26762
26763
157834
26765
26766
288907
26768
157841
157837
26771
288916
157845
26774
157847
157843
157849
288921
157851
26780
26781
26782
26776
157856
26784
288931
26789
157862
26791
26792
26793
26796
26797
26798
26801
26803
26805
26807
288952
288953
26810
26811
26808
26813
26814
26809
26817
26820
26823
26824
26825
26826
26827
157898
26829
26830
157903
26831
288980
157909
26838
26841
26842
26843
288987
26845
157919
26847
26849
26850
26851
26852
157925
26856
26857
26860
26861
26864
26865
26866
289010
26872
26873
26877
289021
26879
26880
26882
26884
26886
26888
26889
26890
26891
157964
26893
26895
289039
26899
26905
26910
26912
26916
26921
26924
26925
26928
26932
26933
26934
26935
26936
26937
158009
26939
26940
26941
26942
158011
158015
26945
26946
26947
26948
26949
289097
26955
26956
26957
26958
26959
26960
289103
26962
26963
26964
289106
26969
26971
26973
26974
26976
26978
158050
289126
26983
26985
289129
26987
26990
158062
158065
158068
27003
27004
27007
158079
289153
27010
27009
27012
289159
27016
27017
27018
27019
158091
27020
27022
27023
289171
27029
27030
27031
289174
27033
27034
27035
27036
289180
420245
289183
27040
158113
27042
158114
27043
27045
289190
289191
27046
420260
158122
27052
27053
289198
27058
27059
27061
27062
289207
27064
27066
27067
27069
27070
27072
27074
27076
158150
27079
289222
289225
27084
27085
27088
289232
27090
27091
27092
27093
27094
27095
289239
158162
27098
27099
27102
27103
27104
27105
158182
27112
27113
27114
27115
27116
27117
27118
27119
27122
27123
289269
158200
27130
420346
289278
27135
27137
158212
27141
27144
27145
27146
158219
158217
27150
27152
27154
158231
158232
158238
27169
27171
27172
289318
420390
27176
27174
27179
27181
27182
289333
158262
27191
289336
289339
27196
27197
27200
27201
27202
27203
27204
27205
158273
27208
27211
27212
27214
27215
27217
27221
27223
27224
27225
27230
27231
27232
27233
27236
27243
27244
289390
27255
27256
289401
27258
27259
27261
420478
27263
27265
420481
27267
27270
27271
289416
27273
27274
27275
27276
27277
289419
27280
27281
27283
27284
27286
27287
27288
27292
27295
420511
27297
27296
27300
27303
420519
27306
27307
27310
27312
27313
158386
27316
27317
158388
27322
27323
27324
27327
27328
27329
27331
27332
289479
27337
27338
27339
158413
27342
27341
27344
27343
27346
27348
27349
27350
27351
27352
27353
158426
27357
27359
27360
27361
27362
158431
27364
289510
27367
158439
27370
27371
27372
158445
27374
289519
27375
289520
27376
158443
27378
158450
27380
27381
27379
158455
289523
27386
27390
27391
289535
27395
27396
27397
289542
27399
27404
27405
420622
27408
27409
158481
27410
27412
27414
27417
27418
27419
27420
27425
27428
27429
27430
27431
27432
289575
158503
420648
27437
27439
27440
27441
27442
27443
27444
27446
27447
27448
27449
27450
27451
27452
27453
158519
27455
27456
27458
27460
27461
27462
27464
27465
27470
27472
27475
27476
27480
158557
420703
27489
420707
27495
27496
27498
27501
27502
27503
27504
27505
27506
27507
289651
27509
27511
27517
158589
27521
27522
27523
27526
289673
289679
158607
27543
158616
27545
27544
158618
27548
27549
158622
289695
158621
27551
27554
27560
27561
27563
27567
27568
27569
289712
289716
27573
158647
27576
289720
27578
27579
289723
27581
27582
27583
27584
27585
27586
289727
27588
289728
27590
27591
289732
27593
27595
27597
27598
27599
27600
27601
158670
158675
27605
27607
27609
420826
27614
27616
27618
27620
27621
27622
27623
27624
27625
27629
27631
27632
27635
27636
27637
27638
289781
158713
27642
27644
27645
27646
158719
396269
289795
158724
27653
27655
27658
27662
27665
158739
158741
27670
158743
27671
27674
289820
27678
27679
158752
27681
158750
27683
27686
158759
158762
27693
27696
27698
27703
27706
27707
158780
27709
27708
27716
27717
27719
27721
27723
27724
27725
27726
158800
27730
420950
27735
27738
158811
27740
27742
27743
27744
27745
289891
27748
158820
396289
158823
420967
27747
27759
27764
396292
27766
27767
27768
27769
27770
27771
158848
27777
289923
158852
27786
289933
27791
158864
27793
158870
27799
27804
27805
158884
27813
27814
27815
27816
289960
158895
27824
27827
158900
158903
27832
27831
27834
158907
158908
27836
421049
27840
27841
158914
158916
27845
421060
27847
158920
158921
27850
27854
158928
27857
27858
27859
290004
27861
158933
27862
27864
27865
158936
27866
158939
27869
158942
27873
27875
158947
158951
290024
27881
27883
27884
27886
158959
158964
158967
158968
27897
421111
27899
290043
27902
27904
27905
27906
27907
27909
290054
421126
421131
27915
27916
27917
27918
27919
158990
27920
158994
27922
27924
158997
27925
158999
159000
27923
27930
290075
27932
159006
159004
159002
27935
27936
159008
27937
159011
159012
27939
159014
27940
27944
27945
27941
27942
159024
27953
290098
290100
27957
27958
159032
159037
27966
27967
159039
27969
27970
27972
27973
27974
27977
27978
159052
27983
27984
27985
27986
27989
290134
27991
27993
27995
27996
27997
27998
27999
28000
28001
159069
290141
28005
28006
28007
290157
421229
159088
159090
28019
290164
28023
159095
28026
28028
28029
28030
28031
28032
28033
159100
290173
421247
159109
28037
28039
421259
28043
28044
159117
28046
28048
28047
290188
28049
28050
28051
159121
28053
28054
28055
28056
28058
28059
28052
28061
28062
28063
28064
159137
421281
28067
28068
28070
159142
28072
28071
28073
290217
159151
159152
159153
159154
290224
28081
28082
28083
159160
28089
28090
290235
28093
159166
421313
28100
28101
28105
290250
28109
28110
159185
159186
28115
28117
28118
28120
28121
28123
28124
290274
28131
159203
28134
159207
28136
28138
159211
290283
159215
159216
28145
28146
290290
28148
421365
28147
28153
28155
28156
290300
159230
28159
290304
28160
28162
28165
28169
28170
28171
28172
28173
290316
159245
28176
28177
28178
159251
28180
28187
28188
28189
28190
159263
421405
28196
28198
28200
28201
28205
28209
159281
28211
28212
28213
28216
28218
28219
290365
28223
290370
28227
421443
28229
421447
159304
28232
290379
28236
28238
290382
28249
159324
421471
28256
28257
28258
28260
28261
28263
28264
421483
28268
28270
28271
28272
28273
159344
159346
28276
28275
421490
28279
421487
28282
28284
28285
28286
28288
28289
28290
28292
28293
421510
28295
28296
28297
159365
28299
28294
28302
28303
28304
28305
28307
28308
28313
28314
159389
28318
28319
28320
28321
28322
28323
28324
28325
28326
159403
28333
421552
290482
28340
421556
159414
421560
28345
28346
28353
28355
28356
28358
28359
290504
159432
159434
28363
159436
28366
28367
28368
290512
28370
28373
159447
28377
28384
421601
28387
28389
28391
28392
159464
28396
159469
290542
159474
28403
159476
421619
28406
159479
421623
421625
28409
28410
290555
290556
421626
159483
28415
28416
28417
421631
421632
28421
28423
28425
28426
28429
28430
28431
28432
28433
28434
28435
28436
28437
28438
28439
28440
159514
28445
28446
28448
28450
290595
28452
28455
28460
28463
28466
290611
28468
159538
28467
28469
28472
290617
159547
28476
28478
28479
28480
159550
28482
28484
28485
28486
28488
28489
28490
290637
28494
159569
28498
28497
28499
28501
28503
28504
28508
28509
28510
421725
290656
28518
28519
28520
28525
28526
28527
28528
421745
290672
28529
421741
28532
28533
290671
28535
28536
421749
28538
28539
28537
421758
159615
421759
421760
28546
421763
159618
159622
290695
28553
28558
159630
28561
28564
159636
159638
28567
290712
28569
290714
28571
290715
28573
28574
28575
28577
28580
159652
290724
290727
290729
28586
28585
159657
28590
28592
159666
159667
290739
28597
28594
28596
28601
28602
159673
28604
28605
290751
28609
28614
421833
290762
290764
28627
28628
28629
159701
28630
28632
159704
290773
28635
28636
421851
28638
421854
28640
28642
28644
290789
28646
28650
28652
28653
159727
28656
28655
28658
290802
28659
28661
28663
28665
28666
28667
28668
28669
28670
28671
290815
28673
28678
28679
28680
28681
28682
290825
28684
290829
28686
28685
28690
159763
28692
28696
28697
28698
28699
159770
421915
159774
28704
28705
28706
28710
28712
421928
28715
290862
28720
290864
290865
28730
28731
28732
28733
28735
28736
28737
159810
28740
28741
28742
421958
28744
28745
28746
421962
290893
28750
28751
28752
159824
28753
28757
28758
28761
28763
28766
290911
28770
28771
28772
290916
28774
28775
421987
159849
28778
5720
28780
28783
28784
290930
28789
159862
28791
422005
28793
28794
422010
28796
28797
28801
28802
28805
159878
28808
28810
28812
28816
28820
159895
159897
159898
159899
159900
28827
28830
159905
159908
422052
159910
28844
28847
28848
28850
28851
28852
159926
290999
28855
28858
28859
159932
291006
159937
28868
159942
28871
28874
28881
28891
28893
28894
159967
422114
28900
28902
28904
28907
28909
28910
422127
28912
422128
28916
159988
28917
28920
28932
28937
28938
422153
28940
28941
28942
28943
28955
28958
28963
28966
28967
28968
28969
160041
28971
28973
28974
28975
160046
28978
291122
28981
28987
28988
28989
160068
28997
291146
160075
29004
29005
29007
29008
291151
291154
291155
291156
160085
29014
29015
291157
29009
422231
291164
29021
29020
29023
291165
29030
291174
29032
160106
29039
29040
29041
29043
29044
291189
160118
29047
29048
29049
291188
29052
160124
29054
29055
29056
160128
29058
29060
29062
29063
29064
29066
29067
160139
29069
29068
29071
29072
29070
29074
29073
29076
29077
29078
29080
291224
29082
29083
29084
160155
160160
291233
160162
160165
29094
29095
29098
160171
29100
29101
29103
29105
29106
29107
29108
29109
29110
29111
29112
29113
29114
160182
29116
29117
29118
29119
291264
29121
29122
160194
29120
29126
291270
29128
29129
29130
291272
291276
160202
29134
29135
29136
29138
160210
29140
29142
29143
29144
29146
291290
160220
29150
29151
29154
29159
29161
29162
160234
29167
29168
29169
29174
29175
29177
29180
291325
29182
160254
29184
29185
29186
29187
291328
160261
29190
29192
29193
160266
160265
291336
29197
291343
291347
29204
291348
291351
29210
29211
29212
291356
29214
291362
291364
29224
160297
29228
29229
29231
291375
29233
29235
29236
29237
29239
29242
29243
29244
160318
29251
160324
422469
29254
422471
422472
29257
160329
29259
29260
29262
29263
29264
29266
29267
29268
29269
29270
291413
29272
29275
291423
29280
29284
422500
29286
29288
29290
29291
29293
422514
29299
160372
29313
29314
29318
29320
160399
29328
29327
422548
160405
29333
422551
29336
422550
160410
29339
29338
422553
29342
29343
422559
29345
29346
29347
422566
29351
29352
29353
29354
29355
291495
422576
29361
29362
29363
29365
29368
29369
29371
29372
29376
29377
29380
29381
29382
29383
29384
422603
29389
29390
291537
29393
29394
160466
29396
291540
291543
29398
29395
422615
29399
29400
29402
29403
291549
29406
291558
29415
291559
29416
29418
29419
29420
29414
29417
29424
29425
29426
29427
291577
29436
29437
29444
29445
29449
29450
29451
29452
29453
29454
29455
29456
29457
29458
29459
29461
29463
29464
29466
29467
160539
291613
29470
29471
29473
29475
29476
29477
29478
291622
29481
29482
29483
29484
29486
29487
291634
29491
29492
29493
160564
29490
422708
29498
422715
29501
29507
29509
29510
29512
291656
29514
29515
160588
160600
29530
291675
291680
29538
29539
29542
422761
291690
291692
291697
29559
29562
29564
29565
29568
291714
29570
29572
29577
29578
160652
29582
29584
29586
291731
160660
29589
29592
29595
29596
29597
29600
29601
29605
29607
29609
29610
29611
29614
29617
29621
29624
160697
422842
29627
29628
29630
29631
160704
160706
29638
160718
29649
29657
422874
291805
422878
29670
29672
291817
29682
160758
29688
422906
291834
29692
29693
29694
29695
160768
29697
29698
29702
29705
291851
29710
160783
291854
29715
160788
291861
29717
291863
422931
160793
29721
29722
29723
291865
291869
291866
291868
291870
291871
160799
29731
291874
29735
29737
29739
29740
29741
29742
29743
422960
29745
291891
29748
160821
29750
29756
422972
291904
160833
29760
291907
160832
291908
160840
160844
29778
291924
29785
29786
29787
160859
29794
29797
29798
29799
160871
29801
29804
29805
29806
29811
29812
29817
29818
29819
291965
29825
160897
29829
29832
291976
160906
29835
160907
29845
29846
29852
29854
29858
29859
29861
423078
29865
292010
292014
29871
29872
423087
29877
292022
29879
423093
29882
292026
29884
29885
29886
29887
29883
29889
160960
292035
29890
292033
423106
292040
29896
292043
29903
160975
423122
29907
29911
29912
29914
292060
29917
29918
160989
29920
292062
292063
29923
29919
29927
29932
29933
161006
29937
29938
292082
292081
29942
29946
292090
29951
29952
161024
29955
29957
29959
29960
29963
29964
29965
29966
29967
29968
292109
292111
29971
29972
29973
423191
161048
29977
29979
29982
161056
29987
29988
29989
292133
423204
161064
29993
29996
161070
161073
30002
161074
161076
161080
30014
30015
161087
30017
30018
161088
30020
30019
30022
30023
423236
30025
30027
30028
423246
292177
161106
30034
30036
30035
161114
30043
292191
30049
30054
30055
30059
30060
30062
30065
30066
30068
30069
292214
30071
30072
161143
30074
30077
30080
30081
30082
161158
30086
30088
30091
30095
30101
30102
30104
30106
161179
161181
30112
30114
161187
30117
292262
30118
292264
30121
30122
30123
30124
30125
30126
30128
30131
292277
292280
30137
30139
30140
30141
30142
30143
161212
423360
30148
30149
292294
423367
161223
30153
161226
30155
161227
30157
292298
30159
423377
30162
30163
161238
30168
161243
161244
30174
30175
161246
30177
30178
30180
30183
30192
30194
30195
161267
30197
30198
292342
423414
161273
30202
30203
30204
423415
161285
161297
161299
30230
30231
161303
30237
423453
30239
161313
161315
30244
30245
30246
292387
161321
30250
30252
292396
161324
30253
30265
30266
161337
161343
30278
30285
161358
292431
161359
161361
30289
30295
30296
30298
30299
30301
30302
161374
30304
30305
30307
30308
30309
161382
423525
30312
30315
30319
423536
30330
30331
161402
292483
161413
30341
30345
30346
30348
30349
161422
30351
30352
161426
292498
30361
30363
30365
30366
292510
30368
161442
30374
30379
292523
161456
30385
161460
292533
161463
292538
292539
423611
423612
30402
292547
161482
30411
30412
423627
30416
161491
30421
161495
30428
423646
30431
30432
161504
30438
161512
30442
30443
30447
292592
30449
30452
161529
30459
30460
30462
30463
292607
423681
292610
30467
292614
161545
292623
292625
30485
292631
30491
161565
30494
30495
292640
30497
423710
30500
30502
161577
30506
30508
30510
292656
30516
423733
30526
30527
30528
30529
161602
30545
161617
30547
30548
161620
30552
30554
30566
423783
30574
30575
30576
30577
161648
30579
30583
30584
30586
30588
30593
161666
30596
30599
292754
161683
30614
161687
30618
30619
161692
30624
30628
423845
30630
30631
30632
30633
30634
30636
30637
161710
30639
30640
30641
30642
30643
30644
30645
30638
30648
30649
292795
30652
30653
30655
30656
30665
30666
30667
30670
161743
30671
161745
30673
423891
30680
423899
30685
292830
30688
30689
30690
292834
30694
30695
30698
423917
30702
30706
30707
30708
30709
30710
30711
161782
266619
161785
266621
30718
30719
161790
161795
30723
161796
161800
292875
423949
161806
30735
30734
161808
292882
161812
161816
161817
292893
423966
161825
30754
161827
161833
30762
161836
30765
30768
161840
30771
423988
292917
30778
30779
30780
30784
30785
30787
30788
30789
161863
30792
30793
30798
424014
161872
30801
292947
292948
161880
30810
161885
30814
30815
30817
161898
292974
292975
30835
161908
30839
30840
30843
292988
161915
424060
292992
30849
30855
30856
30858
30860
30861
293006
30863
30867
161939
30870
30871
30872
30873
30874
30875
30876
30879
30880
30882
30883
293028
30885
30888
30890
30892
161967
161969
30901
30903
30906
30909
30910
30913
30914
424132
30918
30921
30924
293069
30926
30927
30928
30929
424145
30931
30933
30934
162006
293082
30941
30942
30943
293085
293089
30946
293091
293092
30949
30950
293094
30951
30948
293093
30959
293106
30964
293109
30966
424182
162040
30969
30970
293114
30972
30973
30974
30975
162042
30977
293122
30979
293116
293121
293126
30982
162056
162059
424208
30993
30994
30996
30997
30998
31000
31001
31003
31004
31005
31007
31010
31011
31015
31016
31017
31018
293163
293160
424235
31021
31022
31023
31024
293167
31026
31027
31020
31031
31032
31034
31036
31037
31040
31041
31042
31043
31044
293189
162117
31048
31051
31052
31056
31058
31059
31060
293205
31061
31064
31065
31067
31068
162139
31071
162145
31074
31073
31076
31078
31082
31083
31086
31092
31093
31094
424310
31101
31102
31104
424322
31111
31112
31116
31117
293262
31119
293264
31121
31122
31118
31124
31125
293270
293271
31127
31128
31123
31131
31132
31129
31134
31135
31139
31140
31142
162215
31146
31147
31148
31150
31151
31152
293299
31156
162229
293301
31160
31161
162234
31162
31165
293310
31167
31166
31169
293313
31174
31175
424393
31179
293325
31184
31185
31189
31200
31203
31206
31208
162282
162284
31214
31216
31217
31218
31219
31220
31221
293366
31223
293360
31225
31227
31230
293380
31237
31240
31242
31243
31244
31245
31246
424459
31248
162320
31250
293395
31251
31253
31254
31257
31258
31262
293406
31264
31265
31263
424480
293413
31270
424488
31273
31276
31277
31278
31280
31281
31282
31283
31286
31287
31289
31292
31293
424510
31295
31297
31299
31300
293444
162374
31303
31304
162372
31306
293450
293452
31309
162382
162383
293456
293461
31319
31321
31324
31325
162396
31329
31332
293476
162406
31336
31337
31338
31340
31341
31342
31343
31344
31345
293487
293491
31347
162416
31353
31355
31357
31359
31361
31362
31364
162437
162442
31372
293516
31374
31377
31378
31380
162453
31382
31383
424600
31385
162458
31388
31389
31390
31392
31393
31395
31396
31397
31398
31400
162472
31402
31401
31404
31407
31408
31409
31410
31411
31412
31413
31414
293553
31416
31417
31418
424634
31421
162494
293570
31427
31428
293572
31432
162505
162510
31439
162512
31442
31443
31444
31445
424661
31448
31450
31451
31453
31459
31460
162532
31462
31463
31461
31465
31472
31473
293622
162550
293625
31486
293633
293636
31498
293646
31503
31504
31506
31507
424722
31509
31510
31511
31512
31513
31514
31515
31516
293660
293654
424727
162592
31518
31522
31523
31524
31525
31526
31527
293670
31530
31532
31534
31535
162611
31542
31544
31546
31547
31548
31549
293694
31551
31555
31556
31557
31559
31560
31561
31563
424782
162643
293721
31578
31579
31581
31582
31583
31586
31587
31589
31591
31592
31593
424807
31596
31597
31598
293742
31600
31601
31602
31603
31604
31605
31606
162678
31608
293744
31610
31611
424822
162686
31615
31616
31618
31621
31623
31624
293767
31626
293771
162700
31629
293768
31633
31634
162708
31638
31640
31641
31642
31643
31644
31646
31647
31648
31650
31651
31652
293796
31654
31655
31656
31657
31658
31659
31661
31662
31664
31665
31667
31668
31671
31672
424889
31674
31675
293820
31676
31678
31679
31677
31681
31682
162755
293828
31685
31686
31687
293830
31690
31692
31694
31695
31696
31700
31701
31703
293850
31713
31714
293861
31718
293863
31723
162800
424945
293880
31742
31743
162818
162821
424971
293901
162837
424982
31767
31768
31769
31770
162841
31772
31773
31774
31775
31776
31777
424992
31780
31781
424998
425003
31787
31789
162862
162865
293941
31798
293946
162874
31804
31805
162877
31809
31812
293962
31819
31821
293970
162899
162903
31835
162907
293982
31850
31855
162928
425071
31858
31856
162934
31863
294008
31866
31867
31868
31869
294016
31875
31879
31880
162954
162957
31890
31894
31896
31899
31900
31901
31903
294047
31906
31907
31908
31909
294050
31911
31913
31915
31916
31918
31919
425134
31921
31922
31923
31924
31927
31930
31932
31933
31935
31936
31937
31938
31939
294083
31941
31942
31943
31944
31945
163018
294085
31947
31948
294091
31950
294093
31952
163017
31954
31955
294098
31957
31962
31965
31968
163042
425186
31972
31973
31977
31978
31979
31980
31981
163053
31983
31984
31985
31987
31988
294132
31991
31992
31993
31995
163068
31997
31998
31996
32003
32004
32005
163077
32008
163083
32012
32013
32014
32015
294161
425234
32020
32021
32023
163098
32027
32029
32030
32031
32032
32033
32034
32035
32037
32038
163111
32040
32041
32042
32043
32044
32047
32048
32049
32050
32051
32052
32053
32054
294197
32058
32059
32060
32061
294207
32064
32065
32066
32067
32068
32069
32070
32074
32075
32076
32077
32078
32079
32080
32081
32082
32083
32084
32085
294225
32087
32088
425298
32090
32091
32092
32093
32097
32099
32105
32109
294254
32111
32110
32113
32115
32117
294261
32119
32120
32122
32124
163197
294272
32130
163202
425348
425350
32137
32139
32140
32142
32143
32144
32146
32147
32148
32149
32150
32151
32152
163228
32157
32158
32159
32160
163233
32162
32163
294308
32164
32166
425383
32161
32169
32173
163250
294336
32194
32195
32196
294338
32202
32206
32208
32213
32221
294368
32226
32227
32229
32233
32234
32235
32237
163312
163313
32249
32255
163332
32261
163333
294409
163343
32272
32273
32274
32275
32276
425487
425498
32284
32285
32286
32290
425507
32292
32293
32294
163366
32295
163364
32298
32300
32302
32303
163376
32305
32306
32307
32308
32304
32316
32317
32318
32319
163392
294460
32322
32323
294463
32325
32326
32327
32328
32329
32330
32331
32332
32334
163406
32336
425552
32338
294483
425553
163417
32352
163428
163431
294517
163447
425591
32387
32388
32389
32390
32393
294538
32395
294543
294544
294550
32407
294562
32428
32430
163510
32444
32446
32450
32451
163523
32456
294600
32458
163528
294608
32465
163549
163551
32480
32484
425703
32488
32489
294640
32497
32499
425716
32502
294651
294652
32511
163583
32513
294659
32517
32519
32520
32523
32526
32528
32529
32532
32534
425751
32536
294682
32540
32543
32546
294690
32552
294697
163627
32556
32558
32559
32560
163631
32562
32563
163630
294709
425774
32567
32568
32569
32571
32574
32575
32577
32579
32581
32582
32585
163659
32588
32590
32593
32594
32595
32596
294741
32599
32600
32601
163676
32604
32609
32610
32611
32612
32613
163683
32615
32616
32617
32619
32620
163692
32622
32624
32625
425841
32627
32628
32630
32631
163703
32633
32634
163706
32636
32635
163710
32640
294786
32643
32644
425860
32646
32648
32649
294795
32652
32653
32654
294800
32657
163736
32665
32666
32669
32671
32673
294818
294819
32677
32678
294825
294826
32683
32684
32685
32686
32687
32688
32689
32690
32691
32692
163761
32695
163773
163775
294850
32707
32708
294854
425931
32716
294862
163791
32720
32726
425942
32728
32740
32742
163814
425961
32753
294900
32761
425980
32764
163837
163839
294912
32767
163843
163845
32782
294928
32790
163869
163870
163879
426030
294959
163890
294963
32823
32825
32830
32831
32834
163907
32836
294983
32845
32847
294991
294993
32850
294992
163924
32855
32856
32857
32858
32859
32862
163937
32866
32867
32868
295011
163942
32872
32887
32888
32891
32893
32901
32904
295049
163978
32909
32911
32914
295058
32916
32921
32924
295069
32926
163997
32928
32929
32932
32934
32940
164013
32941
295087
32945
32946
164018
164020
426166
32958
32961
295111
426184
32969
164041
164045
32978
164052
426198
32985
295139
32996
32998
295144
33001
33002
33003
164073
33005
164074
295146
426224
33009
426230
33015
33016
33018
33020
426238
426240
33025
426243
33028
33030
33031
164103
33034
33035
33037
426253
33039
426254
426256
426258
426259
426260
33045
164120
33049
426264
426265
33052
33055
426272
33057
164130
33061
164134
33065
33068
426284
426285
164144
33076
33077
33078
33079
33081
33091
33095
33102
33104
33106
33107
33108
33110
33111
164184
33112
33114
33115
33116
33117
426338
33124
33125
33126
33127
295273
33130
164205
33134
33135
295279
164207
33138
33146
33150
295294
33152
295298
33155
33157
33159
33166
295314
295315
33172
295317
33175
164251
295335
33194
33195
33196
164267
33198
33199
426410
33201
33202
33203
33205
295355
33214
164286
164288
33217
33218
426433
33221
33222
33224
295368
33226
33228
33229
164300
33241
295388
33245
295389
33247
33250
33251
33253
426469
33255
426471
33257
33258
164331
295401
33272
33274
33278
33280
164353
33294
33295
164366
33297
164367
33300
33301
33302
33303
164372
164377
33310
33314
33315
33316
33317
33318
33319
33320
295465
33324
295469
164399
33328
426545
33331
426547
33333
33336
33338
33339
33340
33343
33344
33345
295490
164419
164421
33352
33355
33356
33357
33358
33360
426576
426578
295507
33364
33365
295508
426580
33370
33371
164443
33374
33375
295520
33377
33379
295523
164453
33382
164457
33386
33387
33388
33389
33390
33391
33392
33393
33394
33395
295538
33407
33408
164479
295554
33409
426634
33419
33421
33423
426639
33429
33430
33431
164502
164504
33436
295581
33441
295588
33446
33447
295592
295595
426670
33454
33457
295602
33459
33460
33468
33470
33472
33474
33475
33476
33477
33478
33479
33480
33481
33482
295627
33484
295621
164558
295629
33486
33489
33491
164563
33495
33501
295645
295647
33504
33506
164578
164580
33510
33511
295656
33516
33517
33518
33519
295662
33521
33522
33523
33525
33534
33538
33539
33541
33542
33543
295689
33545
33546
295693
33551
295698
295699
33556
33557
33558
33560
33563
33564
33569
33570
295715
33575
295723
164652
33582
33583
33586
33588
33592
426808
295740
33600
33604
295748
33611
33613
426830
164687
295760
295764
33622
33623
33624
33625
164695
33627
33630
33632
33633
33638
295782
33642
295786
33644
295799
164728
33657
33660
33665
33666
33667
33668
164741
33670
33673
33676
295823
33680
164753
33682
33684
295830
33688
295832
33689
33691
33693
33701
33704
164777
33708
33709
33710
33712
33714
33719
33721
33723
33725
33726
33728
33729
33730
33731
33733
33734
33735
33736
33738
295884
33740
295886
33743
33744
295887
426958
295891
426962
295893
33754
164827
295898
33762
33765
33766
295914
33774
33782
33783
33784
33786
33787
33788
33789
33792
427008
33796
33799
33801
33806
33808
33809
33810
33811
33813
295958
33814
33817
427034
295964
33823
427043
33828
33827
427045
33831
33838
33839
33841
33842
33843
33851
164931
33862
33870
33871
33875
296019
427095
296025
164954
296029
164966
33903
164975
164976
164979
33908
33909
33913
33914
33916
164990
296065
33923
33924
33927
296071
33931
165009
296082
165016
296095
296096
165023
33954
165027
296099
296100
296098
296104
33974
296121
33984
296130
33988
33990
296136
33994
165066
33996
33997
33998
34000
34003
34006
34012
34013
34014
34015
34016
34018
34019
165095
34024
34025
296178
165108
34036
34038
427253
34043
34044
34045
296192
296193
296194
34052
34053
165129
34057
34059
34061
296206
34065
34067
34068
34069
34070
34075
34077
34078
34081
34082
296225
34084
34086
165159
296231
34090
34091
34092
34093
427308
34098
34100
34101
296244
34104
34106
34107
165181
34112
34113
34125
427342
34127
34128
34130
34131
34134
34138
165213
34144
34145
34146
296288
34148
165218
34151
34152
34158
34163
34167
296313
34170
165243
34179
34180
34181
34182
34183
34184
34187
34193
34194
427409
34196
427413
296343
296344
427416
34203
34204
34205
34207
34208
34210
165282
34214
296360
34216
34219
34220
34223
296367
296370
165300
34231
34233
427451
165321
34269
165344
34276
34280
34282
34283
165355
34288
427506
296435
165366
34299
34300
34303
296449
34308
34309
34311
34312
296456
34314
34322
34325
34326
34327
34328
165401
165402
296472
165404
34334
34337
34341
296491
427564
296500
296503
165432
34372
34374
34376
34377
34379
296523
34381
296524
34388
34389
165462
165463
296543
165477
163149
296557
34417
34420
34421
34423
34424
427648
34444
34449
34453
34456
427673
34459
34461
165534
34463
34462
34465
165538
34467
427680
296615
34474
165550
34482
296626
296633
34494
165567
34496
165569
165573
34506
34507
34509
34512
34513
165586
34515
34514
34516
34518
34521
165597
34527
34528
34529
34530
296679
34536
427756
34544
296689
296690
34546
34549
165621
34557
34560
34561
34563
34564
165640
165641
165644
34574
34576
34577
34581
34582
34583
34584
34585
34586
427800
34588
165660
34592
34593
558884
34598
34599
34600
34601
34604
296750
34614
34615
34623
34626
34630
34631
296778
296779
34636
34637
34646
34647
165718
34648
34650
34651
34652
34653
34662
34666
34667
34671
34672
165747
296820
427896
34681
34683
34684
165756
427900
165759
165760
34689
296834
34685
34696
34697
34703
296852
296854
296855
34714
165790
296865
34723
296867
34729
34732
34734
296879
34742
34745
34746
34748
34750
34751
34752
296901
296902
34759
34760
427975
34763
34764
34765
34766
34767
34768
34769
34772
296917
34774
34773
34777
34778
34783
34784
34787
165860
34789
34788
296933
165864
34792
34794
34796
296941
428015
34803
34806
34812
34813
34814
165904
34835
34836
34838
165911
34840
428058
165915
34847
34851
34856
34857
34862
34866
34867
34869
34870
297018
34875
297023
34898
34899
34902
34905
297059
297063
34921
34933
34935
166007
34941
34942
34943
34944
34945
428168
297098
166027
166045
34977
34981
34989
34991
34995
34996
35001
35002
35005
35006
35007
35008
35009
35010
166085
35016
35017
166089
35019
297160
35021
35022
35023
35018
35025
35026
297173
35030
35031
35032
428252
35038
35040
297186
166119
35052
35056
35057
35059
297207
35064
35065
35066
35068
35069
35070
35072
35073
35074
35075
35076
35077
297222
428288
35080
428292
297231
166161
297239
166168
35101
35105
166178
35106
428323
35109
35110
166184
35113
35114
35115
35118
35119
297263
297265
35122
35123
35124
35125
297270
297269
35128
35129
166204
166206
166207
35138
35139
428355
428356
166213
35144
297288
297291
297292
166221
35151
35153
166225
297298
35156
166231
35161
35164
297308
35166
35165
35169
35170
35172
35173
35176
35177
35178
166253
428398
166255
166256
35185
166258
166259
35188
35189
166260
166262
428401
35196
35197
297342
35199
35200
559489
35201
166271
297348
35206
428427
35215
35217
297362
35219
35221
35227
428446
35233
428449
35237
35241
297393
35250
35253
297399
297400
35257
35262
35263
35265
35275
297421
428493
428495
35280
428497
428498
35284
428501
35292
35297
428515
166375
35304
297455
297457
297462
35320
166393
297466
297472
428547
35336
35337
297482
428558
35343
428566
166424
428569
166426
297505
428583
428584
428585
428586
35371
35379
166452
35384
428601
166461
35392
35395
35396
428612
166472
297544
35401
35404
35405
297552
35411
35412
297556
35418
35428
166500
297574
35429
428645
35432
35435
35436
35451
297596
35453
35452
297603
35463
297608
35464
428687
297621
297624
297631
166560
297633
297641
297645
297652
297653
166589
428733
297662
297668
297677
166607
297680
166610
428756
35543
35545
166621
35552
166624
166626
35555
35554
35558
297702
35561
35564
35565
35569
166643
35572
35574
297721
35580
35583
166656
35588
166660
297736
166666
297745
166677
166680
35610
297755
35612
35611
35614
297761
297762
35619
35623
35626
35634
35637
35638
35639
297784
35640
35642
35645
35646
297789
428863
35648
35650
35651
166723
35652
297802
166733
297806
35664
35668
35669
297814
35671
428886
166747
35680
35683
35685
35687
35688
35689
35690
35691
35692
297835
35694
35695
35696
297837
166770
35698
35701
35703
166775
35705
297850
35710
35711
35712
297859
35716
35717
35718
297865
35724
166798
297870
35730
35731
428948
35733
428950
35735
428953
35739
35749
166822
35752
35759
35760
35780
429005
35790
35791
35796
35797
35801
166874
297948
35806
166879
35810
166883
297956
35813
166886
166888
297961
35818
429039
35824
35826
166901
35830
35831
35832
166904
35834
429052
35837
35838
297983
35840
35841
35847
35848
35849
35851
35852
35854
429070
35856
35861
35862
35866
35867
35868
35881
298026
298028
429101
298031
35888
298032
35891
298036
429107
35895
35896
298040
35907
35908
429126
35911
35916
35917
35919
429135
35921
35922
35926
35927
298077
298078
35935
35936
35933
35939
167012
298085
35944
35945
35946
298091
298093
167021
298095
35953
35954
35955
35956
35957
35958
429174
35963
35964
35967
429189
429191
35976
35978
35979
429195
429194
429199
429200
167057
35986
35987
35992
429210
35995
167073
36003
167075
167076
36006
167087
298165
429238
167096
167101
36040
167112
36041
36046
36047
36048
36049
167119
36054
36055
36056
36063
298207
36067
36068
36072
36079
167153
298228
36089
167161
36091
36092
36093
36094
36095
36090
36102
167177
36105
36107
36108
36106
167179
36109
298250
36113
36115
36117
167190
36119
36120
36123
36124
167198
36129
36130
36132
36133
429351
36136
36137
36138
36139
36140
36141
36142
36143
167221
298296
36153
36161
36162
36163
36164
36165
298312
429389
36175
429392
36179
167252
36181
36185
167262
36194
167267
36196
36204
36206
36208
36209
36210
36211
36212
167284
36214
36215
167286
36217
36218
36219
36220
36221
36222
36223
36224
36226
36228
36229
36232
36233
36234
167305
36236
429450
298382
36241
36242
36243
36244
36245
36246
36247
167313
429460
36250
36251
298396
36253
429467
36256
36257
36258
36259
167330
36261
298405
36260
36264
36265
36266
36269
36273
36274
36275
429490
298418
36278
36281
36282
36283
36288
298432
167364
36292
36296
36298
298445
36301
429518
36304
429524
298459
36323
36324
36325
36328
36329
36330
36331
36334
36335
167408
36337
167410
36339
36342
36344
36346
36349
36351
167424
36353
36354
36355
36357
36361
36362
36372
36373
36375
36377
298522
167449
36380
298533
36389
36391
36392
298540
36401
36402
36404
36405
36407
167484
36415
36416
36419
36421
167494
36430
167502
36432
36434
298582
36439
298584
298583
36443
36444
36446
36447
429662
167519
36450
36457
36459
36460
36463
36464
36465
298609
298614
429691
167548
429698
167554
36484
167556
36488
36489
298634
36491
36492
36494
36495
429713
36498
36499
36501
167575
167581
298653
167583
36511
36513
36514
36515
36516
429732
298662
36519
298664
36520
36522
36523
429733
429742
36527
36529
36530
36536
36540
36542
167618
36549
36550
298695
429765
36554
36555
36557
36561
429779
167637
36566
36567
36568
36569
36571
167644
429788
298718
36575
36576
167649
298721
298722
429792
429797
36583
36584
298729
36586
429801
36588
429803
429805
36593
167666
36595
36599
36600
36606
298751
36607
36610
167683
36612
36613
36614
36615
36616
36617
36620
429838
36626
36627
36628
36629
36630
36631
298776
36633
36634
36635
167707
36642
36643
298787
36645
36647
36648
36652
36656
36657
36658
167733
36662
36665
167738
36668
36669
36670
36672
36674
36676
36677
36678
36679
36680
36681
36682
36683
167752
36685
36686
298830
36690
36691
36692
36693
36695
36696
36698
36699
298844
36702
36703
36704
429918
36706
36709
36712
36714
36718
36719
298865
36724
298869
36730
36731
36736
36737
36738
36739
167810
36741
36746
36748
167820
36751
36754
36758
36759
36760
36762
36764
36765
36766
36767
36768
298913
36769
36771
36772
36773
298909
36775
298920
36779
298923
167854
36784
36785
36786
298931
167858
36789
36791
298935
430011
36797
167869
36799
36800
36801
167874
36807
36808
167882
36811
36810
430029
36814
36815
430031
36817
36818
36819
36820
36821
36822
430040
36826
430043
36832
298977
36834
36835
36836
36833
36841
298986
36843
430058
167919
36848
36850
36851
36855
167928
299001
36859
167935
36863
36865
167938
36867
36868
36871
36872
36874
167948
299020
36878
36879
167951
36880
36881
36883
36884
167956
36886
36887
167960
36888
36885
167963
36895
36896
36897
299049
36907
167983
36912
430128
36914
36915
36916
36918
36919
36921
36922
36923
36926
36929
299077
36939
36940
430156
430158
36943
36944
430161
36947
36949
36950
168022
36952
430165
168026
36955
36956
168027
36954
168031
36960
299104
430172
36964
36965
168040
36968
36970
36971
36972
168045
299121
168051
36983
36984
168055
168056
168057
36992
36996
36998
299143
37000
299145
430214
37003
37006
168079
37015
430231
37019
37020
299165
37022
37025
168098
37028
37032
37034
430250
37036
37037
37038
37039
168112
37041
37042
168114
37044
37047
37048
398137
37050
37049
430263
37053
37055
37056
37058
37060
37062
168138
37066
37068
168145
299221
37079
37080
37083
37084
37086
37087
37088
430306
37091
168164
37094
168171
37100
299245
37103
168179
37108
168183
37112
37123
37124
299269
37126
430343
37128
37129
168202
37130
37131
37133
37134
37135
37136
37137
430354
37141
37144
168217
37146
37145
430365
168228
168235
37165
299309
168238
37169
299313
37172
168245
37174
37175
37176
37177
37178
168251
37181
37183
37185
168259
299331
168261
37190
37191
37189
37193
37196
430413
37198
37202
37203
37204
430419
430421
430423
430424
37209
299353
168283
37211
37213
37214
37215
299359
37216
37218
37222
168295
37227
168300
37229
37230
168299
37232
37233
37234
37228
430448
37237
37238
37239
398174
37244
37247
168320
398177
37255
299400
37257
37258
37259
168330
430474
37264
37265
37272
37284
37288
168361
37291
37292
37294
37296
37299
37300
37301
37302
168375
37305
37306
37307
37308
37309
168379
37311
37312
168382
430521
37315
37316
37317
37327
168399
37329
37333
37335
168408
37337
37339
37340
37342
37343
37345
37347
37348
168421
37351
37352
168426
37354
37360
299511
37368
299513
37373
37376
37377
168450
37380
430598
299534
299536
299537
37404
168476
168478
299551
37408
299553
37410
299552
37412
168485
37414
299559
37413
37416
37417
37419
37422
168496
37426
37427
430644
168501
37430
37431
299576
299574
299578
299579
37433
37437
37438
299582
37432
299585
37441
299581
299588
168516
299590
37447
37440
168520
37451
37453
37454
37455
299599
168528
168530
37460
37461
37462
168535
37464
37463
168538
37467
37468
168541
430682
299608
37472
299618
168552
37481
37482
37484
37487
37488
37491
37495
37497
37498
299641
37501
37502
37505
37512
37513
37514
37517
37520
37523
168595
37526
37527
37529
37530
37532
37533
168607
37536
37541
299687
168616
37550
37556
37557
37558
37559
37560
430778
430780
37565
37567
37570
37571
299715
37573
430786
168647
37572
299719
37581
37582
37583
37584
37585
37586
299729
37588
299730
37590
37587
37593
37596
37598
168672
37601
37602
37600
168676
37605
37606
37607
37608
299751
37610
37609
430826
37613
430830
37615
37616
37618
430834
168693
37626
37627
37628
37629
37630
37631
168705
37633
37635
37636
37637
299782
299780
37640
37641
168712
299783
37645
37646
37650
37652
37653
299796
37656
37658
37659
37661
37662
37665
37667
168742
37672
37673
37674
37677
299822
37679
299824
37684
299828
37686
168758
37688
37690
37691
168767
37696
37695
37698
37700
37702
37703
168777
37707
299851
37708
37710
37711
37712
299856
37714
37715
37716
37718
37719
37720
37722
37724
37725
37727
37728
430945
37730
37731
37735
37736
37737
168814
37744
168819
37748
37749
37753
37754
37756
37757
430973
430977
37765
37766
37767
37768
299909
37770
37769
430988
37773
37774
37775
37777
37779
37780
168853
37786
37789
168864
37792
37793
299939
37797
37799
37801
431017
37803
294081
294082
37810
168885
37813
168887
37817
37818
37820
37821
37822
299969
37828
294086
168901
168903
37832
37833
37834
37835
37839
37840
37842
37843
37848
37849
37850
37851
37853
431071
431072
37857
37858
431075
37861
37865
37866
300015
37873
37876
431093
431112
37897
37900
37903
37904
37905
168976
168981
37911
37916
37917
37918
37920
37921
37922
168994
37924
37925
37923
37926
37928
37929
37931
37932
37933
37935
37936
169009
37938
37939
37941
37942
37943
300090
169020
37949
37950
37951
37952
37954
37958
37959
37961
37963
37964
37969
37973
37975
37977
37984
37985
37988
37991
37992
37993
169066
169068
37997
37998
169069
38000
38006
38007
38008
300153
38010
300155
38011
38013
38015
38017
38018
38019
38020
38021
38022
38023
300168
169090
169089
38027
169091
431244
38030
38031
300176
38033
38034
38035
300179
169108
431251
169104
562329
38043
300187
431261
38046
38047
38048
38049
38050
431259
38052
38053
38054
38055
38057
38059
38060
38061
38065
300210
38070
38073
38074
169147
38077
38082
38084
169158
38087
38091
38093
300238
38096
38099
38101
38107
38111
38117
38119
38120
431339
38124
38125
38126
38129
38132
38134
38135
169209
38140
38141
38142
38143
38145
38147
38148
169219
38150
38151
38152
38153
38154
38155
38156
38157
300302
169228
38162
38163
38164
38165
38166
38167
38171
38172
38173
431391
169247
300321
38178
38183
38185
38187
38190
38191
431410
38195
38198
38199
38201
38202
38203
38205
38206
38209
38211
38219
300364
38221
38222
38223
431435
38225
38234
38237
169310
38238
431458
38243
38244
38246
38248
38251
169326
38255
300402
300403
38260
38261
38262
38264
169339
38267
38269
38268
169343
38271
38273
38274
169341
38275
431491
38280
38281
38282
169355
300424
38285
169357
38286
300433
38289
38291
169364
38293
38294
38295
38296
300441
38298
169367
300438
169372
38303
38304
38307
169379
38310
38311
38312
38313
169382
38315
300455
38317
38318
38319
398390
38321
38322
300467
38323
38325
38326
38327
38328
38329
38330
38332
38336
169408
38340
300487
38344
38346
38347
38348
300490
431567
38356
38357
38358
300503
38360
38361
38359
38363
38364
38365
38366
38362
38368
38371
38372
38373
38376
169448
38381
38382
300532
38389
38388
38394
38395
38396
38397
300542
38399
38404
38407
38408
38409
169479
38414
38415
38417
38421
169496
38425
38427
38432
38433
38437
38438
38440
38442
38445
38446
38448
38450
300596
38453
38454
38455
38456
38457
38458
38459
38460
38461
38462
38463
38464
38465
38466
38467
38468
169541
38470
38471
38469
38472
38493
38494
169567
38498
38499
38500
431714
38502
38503
294220
38505
38501
294221
38509
300654
294222
169586
38516
38517
300665
169594
38523
38524
300667
300666
300671
38528
300673
38530
38531
300669
300672
431742
169607
38541
38542
38543
300685
38545
300690
169618
38548
38546
300686
38551
300693
38553
38554
38547
38556
38557
38558
38555
38560
300706
169634
38568
169644
38575
38577
38579
169652
38580
38582
38583
169655
38585
169656
38586
169664
38594
38601
38602
431819
38604
38606
38608
38610
169683
169685
38614
38615
38616
38617
38618
300761
169692
38621
38619
300769
38625
38629
38631
38637
38643
38646
300792
169721
431867
38652
38654
38655
169726
169730
300803
38659
38661
38662
38664
38665
38666
38668
38670
300816
38674
431892
38677
38680
38681
38682
38683
38684
38687
38688
169760
169761
38691
38695
300839
38697
38701
38702
38705
38706
38707
169782
38714
38715
169788
38717
38718
38719
38720
38721
38722
38716
38724
169794
38726
38727
38728
38729
38730
38731
38732
169800
38734
169798
268214
169809
169813
38742
38743
38745
38746
169818
169817
38749
169821
38751
300900
38757
38759
169832
38761
38760
38765
38766
169840
38769
38770
169842
38772
38773
38774
38775
169844
38768
38778
169853
38782
169856
38785
38787
169860
169859
300934
38791
38792
169865
38794
169869
38800
300945
38802
38804
38805
169877
38807
38808
38809
38810
169883
38811
38812
300949
169885
432025
38821
38824
38828
38830
38831
38834
38837
300983
38841
38842
38843
169917
38846
38849
38850
169922
432068
38866
38867
38868
38869
301010
432087
38872
301016
38874
38875
169946
38877
38878
38879
38880
38876
432091
38883
38884
38890
169962
38898
169971
38901
38904
38907
38908
38909
38911
301056
38913
38914
301058
38916
432132
38918
38920
38921
38922
38923
38924
38925
169996
432139
301074
38931
38932
38939
38940
38941
38944
301091
38950
38951
38953
38955
38960
38961
38962
170033
38964
38965
38963
170039
38967
38966
38970
38971
38977
38978
38980
38981
38982
38983
38984
38985
38986
38987
38988
432205
38995
38996
39001
39002
39005
170078
432222
39008
432226
39013
39015
39016
170087
39018
170094
39022
39024
39026
39027
39029
39037
39039
39041
39042
39043
39044
39045
39047
39048
39053
39055
39057
39060
170133
39062
39061
39064
39067
39069
39072
39074
39075
170150
432294
301224
301225
301228
301229
39084
432301
39088
301233
432300
39092
39100
39101
170178
39110
39111
39113
170187
170194
170195
39123
39125
301270
39127
301272
39129
39130
39131
170206
39135
39137
39140
39141
39142
432360
432364
39154
301304
170234
39164
39166
39172
39176
39177
170248
39179
39180
170251
301325
39183
170255
39185
170261
301334
39193
39194
39195
301339
39197
301337
301348
170277
301351
170279
39209
39210
39211
301355
39213
39214
39217
39219
39220
170292
39222
301365
39224
39225
170297
39227
301368
39229
39230
39231
39232
39233
301372
170307
170309
39239
39240
39241
39242
39243
170315
39246
39253
39254
39256
39259
39260
39261
39262
39263
39264
39266
39269
170343
39274
39276
432493
39278
39279
39280
39282
39283
39284
39285
39286
39287
39288
39293
39295
170368
39298
39301
39303
39305
39306
39309
39310
39311
39312
39313
39314
39315
432527
39317
39318
301466
39327
170400
170399
39331
39333
39334
39335
39337
39340
39341
39342
39344
39345
39346
39347
301491
39349
301494
39348
39356
39358
39368
39369
39371
39376
39379
170455
39385
39386
39387
432602
432606
39391
432607
39395
432612
39397
432613
432615
39400
39401
170473
39402
432619
170477
39406
39407
39408
39409
39410
170480
39412
39413
39414
39415
170488
39411
432627
170492
301566
39422
39424
39425
432641
39426
39428
39433
39434
39435
39436
39437
39440
39442
170514
432660
170517
39446
39448
39449
39450
39451
39452
170522
39459
39462
39463
39464
39465
39466
39467
39468
39469
301608
39472
39473
170546
432688
170548
39477
39478
39479
39485
39486
170558
39488
301629
432703
39493
39494
39495
170568
39497
170569
170571
170574
39503
39504
39506
39507
170582
39510
39513
39514
432729
39516
39519
39522
301671
170603
39535
39536
39538
39541
39543
39544
39545
301687
39554
39557
39558
170632
39562
39563
39564
39567
432787
432789
39578
39581
432799
301728
170657
301730
301729
301744
301748
170677
170687
170689
432836
170696
39641
170729
301804
170738
432883
170740
301816
170750
170752
39681
170759
39690
39691
39693
170767
39695
301846
39704
301849
432942
301875
301876
432953
301883
432959
39750
39751
432972
432976
39764
39766
170838
39768
39770
39771
39772
39773
170845
39775
39776
301918
432990
39779
39780
39781
432996
432991
170856
39786
39787
39788
433002
39793
433010
39796
39798
433014
39800
39806
170882
433029
39814
39816
433033
433034
433036
39824
170898
39827
39829
39830
39831
39833
39834
433051
39837
433054
39839
39840
433056
433053
39844
39845
170920
39849
39850
39851
170923
39853
433067
39857
433073
39859
433074
39861
170934
39858
170936
433082
39867
39868
433084
433086
39871
39872
433085
39874
39875
433092
433091
39881
39882
302026
39885
39889
39890
39891
302036
39893
433108
39895
170967
302042
39899
39898
39901
39902
39903
39907
39914
170986
39916
39917
39915
39922
39925
170998
39927
39928
39929
39930
39931
39932
39933
39934
39938
39939
39940
39943
39946
171019
39948
39953
39958
39959
171032
39961
39962
302104
39964
39965
39967
39968
39973
302118
171045
39978
39979
39982
39983
39984
39986
39987
39988
171061
39991
39992
39993
39994
39995
39996
39998
40000
40001
171075
40004
302150
40009
302156
40012
40015
40016
40017
302161
40022
302168
40025
40026
40028
40029
433244
40031
433245
433247
433251
433252
40037
40039
40040
40041
40043
40044
40045
40047
40048
40053
40054
40055
171130
40060
40061
40064
40069
40070
40071
40072
40074
40075
40080
40081
40082
40083
40084
40085
40087
171160
40090
40092
171164
433310
40095
40096
40102
171174
40108
40110
40113
40119
40120
40121
40122
40123
40127
40130
40132
40139
40140
40141
171213
433356
40145
40146
40149
40154
40156
171229
40158
40160
40161
171232
40162
40165
40168
40171
40172
40177
302323
40180
40191
40192
40194
433410
433413
433416
171274
302347
302348
40205
40206
302349
171277
40208
40210
40211
40213
40214
40215
40216
40217
40218
40219
40220
171292
40222
40223
40225
40226
40227
40229
302376
40235
171308
40238
40241
40243
40244
302388
40246
40247
40249
40251
40252
40254
433471
302401
40258
40261
40264
171337
171346
171357
302429
302431
171363
302435
302436
171372
302465
171394
302472
171408
40339
171412
40341
40342
40343
40344
40345
40346
40348
40350
302496
40353
171424
171427
40356
171429
302502
171430
171432
40363
40364
40365
302508
433583
40368
302516
40373
40374
171446
40376
40377
40380
40383
302528
40387
302531
40394
433620
433621
433627
433630
40417
40419
171492
40420
40423
40427
40428
302571
40430
40432
302579
40440
40446
40449
40451
40452
40454
40456
40460
40461
433677
40467
171540
40468
40469
40471
40470
40473
40474
40476
40478
171550
40480
40483
40485
40486
40487
40490
40494
433711
40502
40505
40506
40507
40508
40509
171581
40511
171587
171594
302666
40522
171597
40528
40534
40537
302688
40544
40549
40555
302699
40562
40570
40573
40574
171648
302721
40578
40577
40585
40592
433808
40594
40597
171671
40600
40611
171688
40618
40619
40623
40624
171698
40627
40628
40629
40630
40632
40633
40634
40635
40636
171706
40639
171711
40641
40642
40644
40650
40651
40652
302797
40653
40657
40658
171729
40660
40661
302802
40663
40664
433878
171738
40669
302818
564965
40681
40682
40683
302828
40685
40686
40687
40688
171761
171755
171759
171764
40693
40694
171767
40692
171769
40690
40700
40701
433919
171776
171780
40709
40713
40715
40716
40717
40718
40719
40720
40721
40723
171795
302869
433941
40729
40730
433945
40732
433946
40737
40739
40740
40741
40742
40743
40744
40748
40751
40752
171826
40760
40761
40765
40767
171840
40769
40770
40771
40772
40773
171846
40775
40774
40777
171853
171857
40785
171859
171861
40789
40790
40793
40797
40798
40799
40800
171873
302946
40804
40805
171878
40807
171879
40810
40812
171885
40814
40815
302960
40817
40818
40819
40820
40823
40824
40826
171898
171900
40829
171902
40830
434049
171906
171908
40836
171910
40837
40841
40842
40844
40850
40854
40855
40856
171927
40858
40859
40860
40862
40863
40864
434080
40866
40867
171944
40873
40874
40876
40878
40879
40880
40881
40882
171952
40885
40886
171961
40890
40894
40895
40897
434119
40909
40911
40913
434131
40916
40920
171993
40922
40925
40926
40927
434143
40929
40930
40932
40933
40934
172008
40939
172011
40940
172014
40945
40946
40947
434166
40951
40952
40953
40954
40955
40956
40957
40959
40960
40961
40962
434178
40969
40973
40974
40977
40978
40979
40982
40983
40985
434203
303132
40990
434207
40993
40994
172067
303139
40996
40998
41001
41002
41003
172075
41004
41006
41007
434221
41009
434220
41012
41017
41018
434234
41020
41021
41023
41025
41028
434245
41030
41032
172104
41034
41035
41036
303180
41038
303179
41039
41043
41044
172120
41050
41051
41053
41054
41055
41057
41058
41059
434273
41061
41066
41070
41073
41075
172149
41077
41078
41084
41089
41090
434306
41091
41093
41097
41099
172178
41110
41115
41116
41118
41120
41121
434336
41123
41125
172198
41128
41131
41135
303281
41141
41142
172214
41144
41149
41153
41154
172226
41156
41158
434374
41160
434376
41164
41165
41166
41171
41180
303325
41182
41183
41185
41186
41187
41188
41189
172259
41198
41201
41203
41204
41205
41206
41207
41209
41210
41211
41212
41213
41214
41215
41216
303360
41219
172295
41225
172297
41227
41228
41233
41234
41235
41237
41240
41241
41242
41243
41244
41245
434458
41248
41252
41253
303398
41255
41261
41263
41264
41266
172340
41271
41272
41273
41275
41276
41277
41278
41279
41280
41281
41282
41283
41288
41289
434505
41291
41292
41293
41294
434510
41296
41298
41300
41301
172372
41305
41308
41309
41311
41312
172385
172386
303457
41316
41317
172390
172391
41313
41324
172396
41326
41331
434552
41338
41339
303483
172413
41342
303484
41345
41347
41348
41349
303497
41355
41357
434576
41362
41365
41366
41368
41371
172443
172445
41374
303515
41377
41378
41381
41382
41383
41384
41385
41386
41387
172457
41391
41393
41394
41397
303542
172469
41400
434616
41402
172474
172475
303554
41413
41415
41416
41417
41419
172493
41422
41423
41424
41426
41427
41428
172499
41430
41434
41436
41439
41441
41443
434661
41446
172520
41453
41454
41461
41462
41463
41464
41465
172535
172533
41468
41469
172542
41471
41472
172545
41474
41475
172548
41477
41478
41479
41480
303623
41482
41483
41486
41487
41488
303636
41493
172566
41495
41496
41497
41498
41499
434711
41503
41504
41505
41508
434724
41513
172585
41515
41516
41517
41518
41520
41521
303665
172596
41524
41530
41533
303680
41536
434758
41545
303693
41551
41552
41553
41555
41556
434773
41558
172631
41559
41560
41566
41568
41569
41571
41574
41577
41579
41580
41582
41583
41586
41587
41588
41589
41590
41591
41592
41593
41597
303742
41599
172673
41602
41604
41605
41608
41609
41610
41611
41613
41614
41616
41617
41619
41625
41628
41630
41633
172705
41636
41638
41645
41647
41648
172721
41651
41653
41655
41656
172729
434873
41659
41660
41661
41662
41663
41664
41665
41666
41667
41668
41669
41670
41671
172747
41675
41678
41682
172760
41689
303835
172767
41703
41709
172782
303854
303856
303857
41714
172785
303858
41712
303867
41725
41730
41733
434949
172817
41749
172824
41756
434973
41759
41760
303903
41762
303904
41764
41768
41769
41771
41772
41774
172847
41776
41777
41778
41779
41780
41781
41784
41785
41787
41791
41792
41793
41795
172868
41796
435011
41799
41800
41801
41802
41804
41805
41806
172878
41808
41809
41810
172883
41811
41807
41816
41817
41818
41820
41821
41822
41823
303966
172897
435041
41827
41828
41826
41830
41831
41834
41835
172908
435050
303982
41839
41841
172913
41843
41842
41845
41846
303991
41848
41849
41850
172923
41852
41851
172924
41857
41862
41863
41869
41870
41872
41876
41878
304023
41885
41886
304030
41889
41890
435107
41894
41897
172972
41901
41902
41903
172973
435126
41913
41914
172987
435129
41923
41924
41925
41927
304073
41930
173005
41934
41936
41937
41938
41939
41940
41943
41944
41945
41946
41947
41949
41950
41951
41952
41953
41954
41955
41956
41957
41959
41961
41962
41963
41965
41966
41967
41968
41969
41970
41971
41972
41973
41974
41975
41977
41978
41979
41980
304126
173056
41988
304134
41992
41993
41994
41996
41999
42000
42001
42002
42003
435218
42005
42006
42008
173080
42010
42011
42012
42013
42014
42015
42017
42018
42020
42021
42023
42029
42030
42031
42032
42033
42034
42035
42039
42040
42041
42042
42044
42045
42046
42047
42048
42053
42057
42058
42062
42066
42073
42077
42078
173151
173153
42081
42082
42083
42085
42086
42087
42084
42090
42092
173165
42094
42095
173168
42093
42098
42096
42100
42102
42104
173177
42106
42107
42108
42112
42113
42114
42115
42116
173185
42117
173189
42120
42121
42122
173192
42124
42123
42126
42128
42129
42130
42131
42132
173205
42134
42135
42136
42137
42138
42139
42140
42141
42142
42143
435351
42145
42146
42147
42148
42149
42150
42151
42152
42153
42154
173224
42156
42157
42158
42159
42160
42164
42165
42167
42168
173239
42170
42171
42172
42173
42169
42175
42176
42174
42178
42179
42182
42185
42186
42187
42188
42189
42190
42191
304336
42193
42194
42195
42196
173267
42198
42200
42201
42202
42203
42204
42205
42206
42211
42212
42213
304357
42215
42216
42217
42218
42214
42220
42221
42222
42223
173294
42225
42226
173299
42228
42229
42230
42231
42232
42233
42234
304375
42236
42237
42238
42241
42242
42243
42244
42245
42246
42247
42248
42250
42251
42252
42253
42254
173327
42257
42258
435473
42260
42261
42262
42263
42264
173331
42266
42267
42268
42269
173341
173340
304410
42273
42275
42279
42286
42288
42290
42291
42293
42295
42296
42297
42298
42303
42305
42306
42307
42309
42310
42313
42314
173385
42316
42318
42325
42326
173397
42328
42329
42332
42337
42338
42341
42342
42343
42345
42346
42347
173420
173421
42354
42355
173429
42358
42359
42362
42363
173436
42366
42367
42368
42371
173443
42377
42380
42383
173456
173455
42384
42390
173462
42392
173465
42395
42399
42401
42402
42407
173480
42409
42411
173484
42413
42414
173488
42418
173491
42420
173494
42424
173497
42427
42428
173499
42430
42436
42438
42441
42444
42448
42449
42450
42451
42452
42453
42456
304600
42458
42459
42460
42461
42463
42464
42466
42467
42468
42469
42470
173541
42472
42473
304613
42471
42476
42477
42478
42479
42481
42482
42483
42485
42486
173557
42488
42489
42487
42491
42492
42493
42494
42495
304640
42497
42498
42499
42500
42501
42502
42496
173577
42506
173580
42510
42511
42512
42513
42514
42515
42516
42517
42518
42519
173587
42521
42522
42523
435737
42525
42526
42527
42528
42529
42530
42531
42532
42533
173605
42536
42537
42538
42539
42540
42541
42542
42544
173616
173619
42548
42551
42552
42553
173626
42554
42556
304701
173631
42561
173634
173635
42564
42565
42566
42567
173638
42569
42570
42571
173642
42573
42576
42579
42580
42581
173653
435800
42585
42586
42587
42588
42589
42590
42591
42592
42593
173662
42595
42596
42597
42598
42599
42600
42601
42602
42603
42604
42605
173672
42607
42608
304752
42606
304755
42612
42613
42614
42615
42616
42617
42618
42619
173689
42622
42623
42624
42626
42628
42630
42632
42633
42634
42635
42636
42637
42638
173707
42640
42641
42642
42645
173718
42647
42648
42649
42650
42651
42652
173728
42657
42658
42659
173732
42661
42664
173739
42668
42669
304816
42673
42674
42675
42676
42678
42679
42683
566972
42684
42685
42687
42688
42689
173761
42691
42692
42693
42694
42695
42696
42697
42690
42699
42700
42701
42702
42703
173776
435921
304850
42707
42706
42709
42710
42711
42712
42713
42714
42716
42717
42718
42719
42720
42721
42722
42723
42724
42725
42726
173797
42728
42729
173793
42731
42732
173805
42734
42735
42727
42737
42738
42739
42740
42741
304878
42743
42744
42748
42750
42752
42754
42756
42757
42758
42759
42760
42762
42764
42767
42768
42770
173842
42772
173845
173847
42775
42779
42780
173854
42783
42782
42786
42787
42788
42789
42790
42791
42792
173865
42793
42795
42796
42797
42798
42799
42800
42801
42802
173873
173874
42807
42808
42809
173882
42811
42812
42813
42814
42815
42816
42818
42819
173891
42821
42822
173893
42825
173897
42832
42836
42837
173908
42839
173912
173911
173914
42845
173917
42848
42850
42852
173928
42861
42862
42863
173938
42869
42871
42872
305019
173948
305022
42879
42881
42884
42885
42886
42888
42889
173962
42891
42892
305044
42901
42903
42904
305048
436120
173980
42910
42911
42914
42916
42917
42918
173996
174000
42934
174006
174010
42938
42941
42942
42943
305088
42944
305091
174020
42949
42950
436167
42952
42960
42966
174039
42970
42971
42973
42978
42979
42981
174054
305127
42984
42985
42986
42987
42988
42989
42990
42991
42983
174065
42995
42996
42997
42998
42999
43000
43001
43002
43003
43004
305147
43006
43007
43008
43009
43010
43011
43012
43013
43015
43016
43017
43018
43020
43021
43022
43023
43026
43027
43028
43029
43030
43031
174102
436245
43034
43035
43036
43037
43038
43039
43040
43041
43042
174108
43045
43046
43047
43048
43049
174122
43051
43052
305198
436274
43059
174133
436279
436285
43071
305215
43074
43075
43076
43077
174150
43079
43083
43084
43085
43088
43089
43090
174162
43092
43093
43094
43095
43096
43097
436305
43099
43100
43101
43102
43103
43105
43106
43108
43109
43110
43111
43112
43113
43114
43115
43116
43117
43118
43119
43120
43121
43122
174188
174187
174195
436339
436334
43128
436340
43130
43131
43132
305276
436343
43135
43136
43137
43138
43139
436352
43141
43142
43143
43144
43145
43146
43147
43148
43149
43150
43151
174224
43153
43155
43157
43158
305309
43166
43167
305310
174239
43170
43172
436391
43176
43177
43187
43188
43189
43191
43192
43193
43194
43195
305337
43197
305342
43199
43200
174271
174270
43196
174274
43205
43206
174278
43208
43209
43211
43212
174285
43214
43219
43226
43228
43229
43230
43231
43232
43233
43234
436450
43236
174309
43239
43240
174311
174314
43241
174316
436459
174319
43248
43249
43250
174322
43252
43253
43254
43255
43256
174325
43258
43257
43260
43261
174334
174326
43259
174337
43266
43267
43268
174335
174340
43271
174344
174343
174346
43275
174348
43277
43278
43279
174352
43281
174351
174350
174354
436500
174349
436496
43292
174366
43294
174369
174371
174372
174374
43303
43306
43307
43308
43309
43310
43311
305450
43313
43314
174383
43316
43317
43318
305455
43319
43321
43322
43323
43326
43327
305470
43329
43328
43332
43333
43334
43336
43338
43339
43340
43341
43342
43343
43344
43345
43346
43347
43348
43349
43350
43351
43353
43354
43355
43356
43357
43358
43360
43361
43362
43363
43364
43365
43366
43367
43368
43369
43370
174442
43372
43373
43371
305519
43376
43377
43378
43379
43380
43381
43382
43375
43384
43385
43386
43387
43388
43389
43390
43391
43392
43393
43394
43395
43396
43397
43398
305543
43402
43407
43409
43410
43414
174487
43417
43418
43419
43420
43422
43423
43429
43430
43432
43434
43435
43436
43437
43438
43439
43440
43441
43442
43443
43444
43445
43446
43448
43449
43450
43451
43452
43453
43454
43455
305594
43457
43458
43459
43460
43461
43456
43463
43462
43465
43466
43467
43464
43469
43470
43471
43472
43473
43474
43475
305615
43477
174552
43481
43483
43485
43486
43487
43488
43489
43490
43491
43492
174565
43494
43495
305638
43497
43498
43499
43500
43501
305642
43503
43504
43502
43506
43507
43510
43511
43512
305656
43514
43515
43516
43517
43518
43513
43520
174593
43522
174594
43524
43525
43526
174598
43521
43529
43527
43528
43532
43533
43535
43539
174611
43542
174615
43544
43546
43547
43548
43549
43550
43551
43552
174624
436769
436775
43559
43562
174635
43566
43571
174645
174650
43580
43584
43585
43592
43593
43594
43595
43596
43597
43598
43599
43600
43601
174671
174675
43604
43605
174678
43603
305747
43608
43610
174682
43612
436828
43614
174686
43616
174688
43618
43619
436830
43621
43625
43626
43631
43634
43635
43637
43638
174709
174712
174713
43640
43643
43641
43645
43646
43639
43648
43649
43650
43651
43652
43653
43654
174720
43656
43657
43658
174733
43664
436882
43670
305815
43672
43673
305819
43678
174751
43681
174754
43685
43687
43688
43689
174762
43691
43692
43693
43690
174767
43696
174769
174765
43699
174772
174773
43700
43701
43705
43708
174781
43710
174784
43713
43715
174787
43716
436932
436931
174792
43721
43727
174800
43734
43735
43738
43739
43740
43741
43742
43743
43746
43749
43750
43751
43752
43753
43754
305899
43756
43757
43759
43761
43764
43765
43767
43768
43770
43771
43772
43773
43774
43775
43776
43777
43778
43779
43780
43781
436994
43783
43784
43785
43786
43787
305932
43789
43790
43791
43792
174865
43793
43795
43788
43797
43798
43799
43800
43801
43802
43796
43804
43805
43806
43807
43808
43809
43810
43811
43812
305956
43814
43815
437031
43817
43818
43819
43816
43821
43822
43823
43824
43825
43826
305969
43828
43829
174895
437041
43832
174905
43834
43833
43836
43837
43838
43839
43835
43841
43843
43844
43845
43846
43847
43848
43849
43850
43852
43853
174925
43855
174928
43857
43858
43859
43860
43861
43862
43863
43864
43865
43866
43867
43868
43869
174942
43871
43872
43873
43874
43875
43876
174946
43878
43879
43877
43881
43882
43880
43884
43885
43886
43887
43888
43889
43890
43891
43892
43893
43894
43895
43896
43897
43898
43899
43900
43901
43902
43903
43904
43905
437122
306042
43908
43911
43912
43913
43915
174988
174987
306060
43919
43920
43922
43923
43924
43925
43930
43931
43933
175005
43935
43936
43937
43938
43939
43942
43943
43947
43949
43950
43953
43954
175027
43956
43959
43960
43961
43962
175035
43965
43967
43968
43969
43970
43973
43974
43976
43978
43979
43980
43981
43984
43985
175056
43989
43990
175065
43995
43997
44000
44001
44004
44005
44006
437220
44008
44009
44010
44012
306156
44014
44015
44018
44022
44023
44025
44026
44027
44028
44037
44038
437253
44040
44041
175112
44043
175116
44046
44047
44048
44049
175120
44052
44053
44054
175126
306197
306199
44055
44059
44061
306207
44065
44066
44069
44072
437291
44076
175149
44081
44085
44087
44092
44095
437311
44098
44099
175171
44102
44103
44104
44105
44109
44113
44114
44115
44119
44122
44123
44124
44125
44128
44129
44131
44132
44133
44134
44135
44140
44142
44147
306293
44154
44155
175226
44157
44158
44159
44160
437372
44162
44163
44164
44165
437375
44169
44170
44171
44172
175245
44174
44175
44173
306320
306323
44181
44184
44190
44191
44192
44198
44200
44201
44208
44211
44213
44214
175287
44216
44217
44219
175291
44222
44223
44224
44233
44238
44239
306383
44244
44245
44246
44247
306391
44249
44250
44252
44255
44256
44257
44258
175330
44260
175331
175334
44263
44264
306406
44265
175339
306411
44269
44268
175346
44276
44278
44281
44282
44283
44284
44287
44289
44296
44297
437515
437517
44303
44308
175380
44310
175386
44320
44321
44322
44323
306464
44324
44326
44327
44328
44330
44333
44334
44337
44338
306482
44340
44341
44342
437557
44345
44349
44351
175427
44361
44363
437583
44373
44375
437593
44379
306523
44381
44383
306527
306529
44385
44386
44388
44389
175461
175457
44394
44398
44399
306543
306544
306547
437620
44405
44407
44408
44409
437623
44411
44412
44413
44414
44415
306555
44417
437633
44421
44425
175502
175503
44434
44435
44436
44439
44440
44441
44442
44443
44444
175518
306592
44449
44450
306598
437670
175528
44457
44458
44459
306604
44461
44463
44465
175541
44472
44473
44478
44479
44480
175553
306622
175555
44486
44488
44489
44490
44494
44495
44497
44502
175574
306650
44507
44508
44510
44511
44513
175587
44516
44517
44518
44519
44522
44524
175597
44526
44528
44532
44533
44534
44535
44536
175606
437752
44539
44540
44541
175614
44545
44548
44549
44551
44552
44554
44555
44559
44560
44562
44563
44564
44565
44566
44568
44570
44571
44578
44585
44588
44589
44591
44592
44593
44595
306745
44603
44606
44608
175681
44611
306758
437830
44617
44618
437838
44625
44626
44629
44630
44631
44634
44635
44637
44638
44639
44641
44645
44647
44655
44656
44657
44658
44661
44662
44663
44664
175737
44666
175739
44668
44669
44671
44672
44673
44674
306819
44677
44678
44680
306825
44682
44683
306827
44685
44686
44688
44690
44692
44693
44694
44695
306838
44697
44698
44699
175774
44705
44706
44708
44710
44711
44716
44718
175791
44720
44721
437941
44725
44732
44734
44736
44737
44741
44742
44745
44746
44747
44749
44750
175822
44751
44754
44756
44757
44762
44766
44768
44769
44770
44772
44773
44775
44781
44785
44787
44789
44793
44796
438012
175869
306943
44800
44801
306947
44804
44805
44806
44807
306952
44811
44813
44814
44817
306963
306964
306966
44823
306969
44826
44827
44833
44835
175910
44839
438058
44848
44850
175924
44853
44857
175929
44859
175933
44862
44864
44865
438081
44868
44869
44870
44874
44875
307020
44877
44878
44885
44886
44888
44890
438108
44892
44895
44896
44897
44898
44899
44900
44902
44909
175983
44912
44916
44918
44919
44921
175994
175993
44924
44925
44926
175998
438144
438137
175997
175999
44932
44933
44936
307081
44938
44940
44941
44943
44944
44945
44946
44950
44951
44952
307103
176032
44960
44963
176037
44966
44967
44968
44969
307114
307113
44974
44977
44978
307125
44982
44986
44988
44989
44990
44991
44992
44994
176068
44997
176069
44999
45000
44998
45002
45004
176077
45006
45007
176079
45005
438225
45013
45014
176085
176088
176089
45017
45019
45020
176087
45022
45024
45025
45029
45030
45031
45033
45035
176107
45037
45039
45041
45042
45043
45044
45045
45046
45047
45048
176117
438259
438267
176124
45052
45054
45057
45064
438283
45069
176143
176146
45075
45077
45079
45083
45089
176163
45094
176167
45096
45097
45098
45099
45103
176182
307256
307261
45120
45126
45127
45129
45130
438347
45132
45133
307276
438348
45136
45138
45139
176216
45145
45147
45148
307293
45150
45153
45156
45161
307308
45166
45167
45169
176241
45174
307318
45176
45179
45181
176253
438398
45184
45186
176259
45189
45190
45191
45192
45197
176273
45202
45203
45204
45205
176277
438424
45210
45211
45212
45213
45215
45216
45218
45219
45220
45221
438435
438436
45225
45226
45227
176298
438441
438446
438447
45232
45233
438449
45235
45239
45240
45241
438457
45243
45244
438459
45247
176321
45249
438468
438471
45256
438475
45261
438478
45266
45267
45269
438486
45272
45273
45274
438488
438493
438499
45284
438500
45295
438514
45301
45302
45303
438522
45314
176387
45316
45317
176389
45319
45320
45321
45322
45318
45324
45325
45326
176399
176403
45335
45336
307479
176407
176411
45341
45347
45360
307510
45368
45371
45377
45379
45380
438597
45382
45384
176457
45388
176465
45397
45398
45399
45407
45408
45417
45418
438635
438634
262311
438639
438643
45431
45438
9031
45441
438664
438665
45452
45458
176535
176545
45482
176554
45486
45489
45490
45491
45492
176568
176570
45505
307649
45511
45512
45513
45515
45518
307663
45520
438734
45522
45523
438740
45527
45528
45533
45537
45538
45549
307696
45554
176627
45556
45555
307699
307705
45565
45568
45569
45571
45572
45576
45577
45578
45579
176650
438797
45585
45588
45592
45593
45598
176670
45599
45602
45607
45608
45609
45610
45612
45615
176693
45622
35120
45627
45628
176704
176706
176710
176715
438859
176720
45649
45650
176721
45658
176734
45663
45664
45662
45665
45671
45675
45677
45679
45682
45690
45691
45692
45693
45694
45695
438910
438913
45698
45699
45700
45706
45708
45712
45713
45714
45715
45716
45718
45722
45726
45729
176807
176810
45739
45745
45752
438970
45756
45757
45758
45759
45760
45763
45764
45765
438982
45767
176841
45772
45774
45777
45778
45780
45782
45783
45784
176857
307930
307931
45791
45792
45793
176867
45799
45800
45801
45802
45803
307946
45806
45807
45817
176890
45822
45823
45824
176896
45827
176901
439050
45838
45839
45840
439058
176915
439066
45852
45861
45862
45864
45865
45871
45873
45874
308017
45877
45878
308024
45881
45882
308027
45884
45886
45887
308032
439107
45891
45899
45900
45905
439121
176983
439128
308063
45921
45928
45929
45930
308077
45935
439152
45938
45939
45940
308084
439154
45943
45945
45948
45949
45950
45952
45958
45960
45961
45964
45965
45966
45967
45970
45971
177043
177046
177047
45978
45987
45990
45993
45995
45996
45997
45999
308143
46001
46004
177077
46007
46009
46010
46011
46012
177085
46014
46016
308160
139404
46018
46021
308165
46025
46026
46027
308171
46029
308174
46028
177104
177112
46041
46040
46043
177117
439263
308194
46059
46061
46062
46063
46067
46068
46069
46076
46081
177155
177159
46088
177160
46094
46095
46096
46101
46103
46105
46106
46111
177190
46119
308266
46124
308269
46127
46128
177203
46136
46138
177211
46139
177214
177216
46145
46146
46147
177221
46149
46158
46159
177231
177234
46164
177240
46169
46172
177246
46175
46178
177252
46184
46187
46189
46190
46192
46193
46195
46196
46197
46198
46203
46206
46207
46212
46217
308361
46221
46223
177296
308369
46226
46227
46230
46240
177317
46258
46260
46261
177335
308409
46267
46269
46270
308418
177349
46278
308423
46280
46281
177354
308425
46283
46286
177358
439502
439515
46300
46301
46302
308447
308453
308457
46314
46315
46326
46332
46333
46334
46335
46336
439552
46338
46341
46342
46343
308486
439562
46351
177425
46359
308504
46361
46360
46362
46364
177436
177437
177440
46368
439584
46373
46375
177454
46383
177456
308529
46387
308531
46390
46391
177474
46403
46406
46409
308557
46420
46421
177494
46423
46426
308571
46428
46429
46430
46431
46432
46434
46435
46436
46439
46441
46442
46443
46445
46448
177522
46451
46452
46453
46458
46460
46466
46467
46473
46474
439695
177552
46486
46492
46493
177566
46495
308638
308639
46498
308640
46500
177572
46499
46503
46504
177579
177580
46510
46513
177586
46521
46522
46523
46525
46526
308671
46528
46529
308674
46531
46534
46541
46542
308686
439758
46548
177622
46553
46558
308704
46562
46563
46564
46565
46567
46568
46570
308715
308720
46578
46580
46581
46584
46586
46588
46591
46592
46594
46595
177673
177677
177681
46614
46615
46616
46617
46618
46623
46625
177697
177699
46626
46629
177703
46632
46633
46636
46641
177714
308792
308794
46651
46658
46659
46660
46661
46663
46665
308810
46667
46675
308823
46681
46682
46684
46686
46688
46689
46691
46695
46696
46702
46705
46707
46709
46712
46713
46717
177790
46718
46724
46725
46727
46732
46734
46736
46738
46741
46743
46744
46748
46754
46756
46757
46758
46760
46761
177838
46767
46768
46769
46770
46772
46773
46774
308919
46776
46780
46781
439998
46783
46784
46785
46786
46788
46789
46793
177865
46797
46798
46799
177869
46804
440021
46806
46808
46809
46812
46814
177888
46817
440034
46820
46821
308966
46825
46828
46829
177902
46831
46830
46832
440047
46835
46836
46837
46838
308980
46845
46847
46848
46849
46853
46857
46863
46869
309013
46872
309018
46875
46878
46879
309024
177950
440095
46883
46884
46885
46886
309030
46888
46889
309028
46891
46892
46890
46897
46898
177973
46902
309049
177979
46909
46910
46914
46915
46916
46917
46918
46919
46920
309063
46921
46923
46924
46925
309070
46927
440143
46929
46930
46931
46932
46934
46939
46941
46943
178019
46948
46952
46955
178032
46963
46967
46971
46972
46973
46975
46976
46978
46979
46982
46983
46986
46989
46991
46992
46993
288424
46995
46997
46998
47001
47002
47003
47007
47011
47018
47026
9347
178103
440249
47034
47033
47038
47045
47046
309193
440266
47055
47057
47059
47060
440277
47069
47070
47072
178146
47075
47088
47089
47090
47095
47096
309242
47099
309245
440319
47104
47105
47108
47110
47112
47116
178189
47118
47119
47120
47121
47122
440342
47138
47139
47140
47143
47144
440361
47145
47149
47150
178222
309298
309299
47156
47157
309302
47158
309304
47161
47155
440374
309309
47166
47168
47173
47176
47177
47178
47182
47184
47186
47189
47190
47192
47197
47199
47200
47201
47206
47208
47211
47212
47215
47217
47218
47219
178290
440439
47226
47228
47231
47232
27928
47234
47236
47237
47238
47239
47240
47241
178314
288434
47244
47245
47246
47247
47249
47250
47251
47252
47256
47259
47260
47261
47263
178337
309410
178341
47273
47278
309425
47282
47288
47291
47292
47295
47302
47303
47309
47310
178382
47312
47313
47314
47315
178385
47318
47320
47324
47325
47327
47329
47331
47333
47340
47342
47345
47352
47354
47355
47359
309503
47360
47363
47364
47365
47367
47369
47370
178447
178449
178452
440597
440596
47383
178463
178469
47397
47401
47402
47404
47405
47406
47407
47408
47410
440627
47412
47413
440630
47416
47423
47426
440642
47430
47432
47434
309579
47437
309581
47439
47444
47446
47447
47448
47449
47451
47452
47453
47454
47458
47459
178535
47466
47467
178541
178543
47471
47473
47474
47475
47479
47480
47481
47488
47489
47491
440708
47493
47496
47497
178569
47499
47500
9441
47502
47501
47504
178575
178574
47507
47508
178580
47510
178579
47506
178585
178587
178589
178595
178603
47533
178606
178607
47536
47535
47542
178614
47546
47550
178623
440767
47553
47554
47555
47557
47559
47561
47562
440777
47568
47570
47571
47574
47575
47576
47578
47582
47585
47587
47588
47590
47595
47596
309739
178675
47605
47607
47608
47610
178682
47612
47614
47615
178687
47616
47617
47620
309770
47631
47638
440858
47643
47646
47647
47648
47650
47653
47655
47657
47658
47662
47663
178736
309809
309811
47670
440888
47674
47675
47676
309820
47678
178751
47680
47682
178755
47684
47683
47686
47692
47694
47695
47697
47698
47699
47706
47707
47713
47714
47715
47716
47717
47718
47721
47723
47724
309875
440949
178806
47735
47736
47737
178809
47739
309883
309879
309882
309887
309886
47745
309889
47747
47748
47744
47749
47753
309898
47755
47758
47759
47760
47762
47763
47771
47774
309919
47778
309924
47784
309929
47790
178862
47792
47794
47795
47796
178870
47798
47802
47808
47812
47813
47816
47817
47818
47819
47821
47822
309968
47825
441043
47831
47834
178907
47837
47841
178914
178915
47844
178917
47845
47848
47850
47851
47852
47853
47854
47855
178927
310001
47863
47866
47867
178939
47869
47870
47871
47868
47874
47876
47878
47880
47881
47882
47883
47884
47886
310031
47888
47889
47890
47891
47893
47894
47898
47900
47901
47902
47904
47906
47907
47908
47909
47911
47912
47913
47914
47920
47921
47924
47925
47931
47933
47939
47940
47941
47942
47943
47944
47946
47947
47951
47952
47953
441168
47955
47956
47957
47959
47962
47963
47964
179038
47971
47973
310119
310121
310123
179053
310126
47985
179057
310131
310133
310135
47993
179066
310137
48000
48003
48009
179085
48014
48015
48016
48017
179087
179103
179105
48034
48035
179107
179109
179111
179113
179115
179144
179146
179150
179155
179159
179176
179177
179178
48109
48110
48116
179188
48118
48119
48121
48122
9565
48125
48127
48128
48129
48131
48132
48133
48135
48136
48138
48139
48144
48145
48149
48150
48153
48155
48156
48161
48162
310307
179236
179235
48169
48171
310319
179251
48180
48186
48193
179267
48197
179270
179272
48202
48203
48204
48205
48207
48209
48210
48211
179283
48213
48214
48215
48216
48217
179288
48227
179302
48231
48232
48233
179308
48242
48243
48248
48249
48250
48254
48256
48259
48260
48263
48266
48267
179340
48268
441483
48273
310417
9596
48281
48282
48287
310431
48289
179366
48297
48300
48301
48302
48303
179376
179375
48309
48311
179384
48313
48314
310458
48315
441531
48318
48319
179398
48329
48333
48336
48339
48340
48341
441559
48345
48346
48347
310491
48350
48358
310507
48364
48365
48369
48373
48374
48375
48376
48382
48385
48392
48393
48395
441614
48399
179473
48405
48406
48407
48408
48409
48411
48412
48414
48415
48417
310567
310568
310569
48426
310570
441646
48431
441647
48441
48443
310589
179519
48448
310593
48449
48451
441665
48457
48458
310602
48463
48464
48466
48471
179549
48481
48482
179553
441701
48486
48487
48488
48489
48490
48492
48495
48496
179573
48502
48504
48508
441728
48515
48522
48524
179603
179631
48561
310707
48564
48567
179641
48572
48573
48575
48579
48580
48584
48587
48591
48594
441810
48596
179668
48598
48599
48601
48603
48609
441826
48612
48613
48615
48617
179690
48620
48623
48627
48635
179715
48643
48645
48646
48650
48654
441875
48660
48661
441881
48669
179741
310814
441889
48675
48676
48677
48678
48686
48688
48689
441906
48691
48690
48693
441909
48706
48707
572997
48709
48710
48714
48719
179798
179799
48730
48732
179805
48734
48733
48737
179812
310888
48745
179818
48746
48748
48750
179822
48752
48751
179826
48753
48756
441967
48757
48761
48763
48764
179837
48767
48770
48773
48775
179847
179848
48778
48780
48781
48784
48787
310933
48790
48791
48795
179868
48797
48798
48805
179877
310952
48813
179897
310972
48831
310975
48833
48834
310978
48836
48837
48838
442056
48841
48842
48844
48845
48846
48847
48848
442064
310995
48852
48853
48854
48855
48856
442075
48862
48863
48864
48871
442087
48874
442094
48880
1943
48882
48885
48891
311036
48894
179966
48897
179987
48918
48923
48929
48935
48937
442154
180011
48943
180016
442160
48949
311093
180021
48953
48954
48955
48958
48959
48961
48962
48967
180050
311129
48987
48988
48992
48993
48994
48995
311146
49004
49007
49009
49010
49012
49013
49014
311156
49017
49018
49020
49021
49022
180095
180093
49026
180098
49028
49029
49033
49035
49036
311181
49038
49039
49040
49037
180114
49047
49049
49050
49051
442266
49057
49060
180132
180137
49069
49070
311215
49073
49074
180147
49077
49081
49082
311226
49084
49087
180162
49092
49095
49096
49097
49098
49099
49104
49106
49110
49112
49116
180194
49125
49126
49129
49130
49131
9765
49133
49134
311282
49146
311291
180223
49152
442370
311301
49160
49164
49167
180240
49168
49169
49172
180244
311324
49183
49184
49186
49190
49199
442417
49212
49214
49216
311362
49220
49222
180296
49225
180299
49230
180305
49235
49237
49239
180314
180318
49249
49250
49258
49261
49262
49264
49270
49271
49273
311417
442491
180348
49275
49277
49279
49280
442495
49291
180363
49295
49296
49299
180371
49306
49308
180383
49314
49317
49320
49321
49322
49323
49324
49326
180399
49327
49330
180403
49332
9805
49334
180407
49338
49339
49341
180418
49347
180420
49350
49351
49352
49353
49354
49355
180427
180424
49360
49361
49363
49365
49367
49370
49372
49375
49379
49380
49381
49391
49393
311539
49396
49397
49398
49409
49410
49411
49418
442640
49426
49429
49431
180508
49439
311585
180514
49444
49446
49452
49453
49455
311600
49456
49462
49467
49471
311615
49474
49475
49477
49478
49481
49483
311627
180555
180556
49484
49491
49492
442709
49494
180566
49496
49497
49498
442712
49500
49502
49503
180576
49505
49508
49511
49517
49518
49519
49520
49521
49522
311667
49524
311663
49526
49527
49529
49530
442750
180607
442752
49538
180624
49559
49562
180635
49565
49571
180644
49574
49577
49578
180651
49579
49580
49583
49584
49585
49588
49597
49600
180679
180680
49609
180685
49616
180688
180691
311764
49622
180695
311770
49633
180705
49635
49636
49637
49640
49642
49645
180719
180721
49650
49653
180737
49671
49672
49674
49679
49680
49681
442896
49683
49684
49685
49687
49688
49689
180759
49693
49695
49696
49697
49701
49704
180778
49708
49709
49711
49712
49717
49719
49721
49722
180794
49725
49727
49728
49729
49730
442943
442947
49733
442949
180810
180812
180813
49742
49745
180819
140146
49760
49762
49763
49766
49767
49769
49776
180850
49781
49782
180856
49785
49787
49788
49789
180859
180863
49792
443007
443012
49797
49798
49799
49803
180876
49805
49806
49807
180879
49809
49812
49813
180886
49815
180891
180894
49823
180900
49828
49830
180902
443044
49833
49834
49835
180907
49837
443053
49842
49843
49844
49845
49846
49847
49848
49849
49850
49851
49852
49853
49855
180929
49857
49863
49864
180935
49872
49874
49876
180948
49877
180951
180954
180960
49890
443109
180969
180970
49901
49904
49907
49908
49913
49914
180986
49920
49921
49922
180997
49927
49928
49929
49930
49934
49935
181009
49941
49943
49948
312092
49950
49952
49953
49954
49956
49957
49958
312100
49960
49961
312101
49963
49967
181040
312113
49971
181043
49974
49978
49979
49980
49981
49982
312131
49991
49992
312137
312138
49998
50001
50004
312149
50006
50008
312152
50010
181083
50011
50013
50012
50014
50023
312167
50025
181095
50028
50030
50031
50032
181104
50034
50035
50036
50037
50033
312174
50042
50043
50053
443272
50059
181132
181135
50066
50068
50069
50070
50071
50072
50073
50075
50076
50077
50078
50079
312221
50081
270469
443297
50085
50086
50087
50090
50091
574379
50099
50100
443319
50104
50106
50107
50108
50113
50114
50116
50117
50119
50123
50124
50125
50126
270479
50135
50152
50153
181225
50155
50158
50161
50162
50163
50166
312316
50173
50177
50179
50181
50182
50183
50185
50186
50188
50189
50193
181267
50195
181269
50198
50199
50197
50201
50196
50203
50204
50208
181280
50210
181283
181284
50213
50217
50220
50221
50225
50227
50231
50232
50241
50247
50250
50253
50254
312399
50256
181330
50268
50269
50271
50272
50275
50285
50288
312433
50291
50294
50295
50299
50307
50314
50317
50318
50321
50326
50327
50329
50332
50338
50339
50340
50341
50342
50348
50350
181426
50356
50357
50359
50363
50364
50372
50373
50374
50376
50377
50378
50379
50380
50382
312526
181454
181456
50384
50387
50388
50392
50393
50400
50401
50409
50416
181491
50420
50425
50426
50433
50435
50438
50451
312597
50454
50456
50458
181532
181533
50461
50463
50464
181537
50474
50475
50476
50479
312623
181553
443700
50489
50492
181565
181564
50497
181574
50503
50506
50512
181586
312669
50526
50528
50530
50531
50535
50536
50541
50542
50544
50546
50549
50553
50554
50560
50562
50566
50569
50573
181649
50578
50583
181656
50587
50589
50600
50601
312750
50609
50618
50619
50620
50627
50635
50637
50641
50646
50647
312791
312793
50650
312796
312797
50652
443873
50658
312804
50662
50663
50667
50669
50670
50671
312815
50673
50674
50675
50677
181753
312827
50683
50687
312831
50688
50694
50696
50697
50698
50699
50700
50701
50704
312849
50714
50715
50717
50719
50722
50724
50725
181801
50730
50731
443946
181808
50737
575026
50754
50755
50758
50759
50761
181841
50772
50775
181850
50779
50780
50785
50787
50789
50791
181864
50794
444011
312940
50797
50805
50812
181886
50819
50820
312963
50830
50834
50835
50837
50838
50839
50845
50849
50850
312993
444066
50855
50859
50861
50862
50868
444090
50875
444102
444109
50896
50900
50901
50911
50916
50922
50925
50926
181999
313074
444149
50934
444152
50938
50939
182013
140383
50947
313096
50953
50958
182030
182035
313108
50971
444193
50977
50979
50983
50988
50992
182067
51000
444218
51010
51017
51021
51022
182097
313179
51036
51039
51043
51044
182117
444261
51049
51051
51052
51054
182127
182129
182131
51059
51066
51068
51069
51071
51072
51073
444291
51078
51079
262536
51083
51084
51082
51090
51091
51092
51104
51106
140418
51120
51122
444343
313278
51136
51141
51143
51144
51145
182217
182219
140423
313297
182228
51162
182237
51166
51167
313310
51170
182246
51175
51177
51179
444395
444397
51182
313333
51190
51191
444406
51194
51195
51196
51200
51205
51209
51210
182282
51212
51213
444431
51216
313369
51227
313371
51230
51239
51241
51242
51245
51248
51249
51250
140444
51257
51260
51261
51263
51267
51268
51269
51270
51271
51272
51273
444490
51275
51276
51277
182349
51281
51284
51285
51290
444510
444513
51298
51299
51300
51302
51303
51306
51309
140456
51311
444526
51310
51317
51321
51322
444539
51330
51333
51334
182415
51349
51352
182424
51355
51357
51358
51359
51360
51362
51363
51364
51365
51366
51367
313511
51371
51374
140469
51378
51384
51389
140472
51391
51392
51393
51394
51395
51390
51403
51409
51411
51412
51413
313556
51416
51423
51424
51426
182499
51428
182502
51434
51437
51438
51442
51443
51444
51445
51447
51450
182528
140485
51462
575751
51472
182545
51476
182548
51484
51485
313628
140491
182560
444705
51490
444706
444707
51497
444713
51501
313646
51505
51507
313653
313654
51511
182584
51512
182583
51515
51520
51521
51522
51531
313676
51533
51532
51540
51543
182616
51545
51548
51549
182628
51560
313705
51565
51571
51572
140509
51578
51581
140510
51588
51590
51592
140513
182669
51597
444816
51601
51604
51608
313755
51617
51618
51619
182689
140517
51627
313788
51649
313802
51663
140527
51675
313820
51679
51681
140530
182756
182757
444902
182768
182777
182778
51707
182780
444935
51722
313867
182799
51730
51735
140541
51739
51743
182824
182827
51759
51763
182843
51774
313922
51780
51781
51786
51787
51791
51792
51794
182869
313943
51800
182873
51802
51803
313945
51806
51808
182886
51817
51822
51823
51824
445040
51825
182899
51828
313972
51832
51836
51839
51844
445065
51851
313995
51853
51854
182925
51856
51857
182926
51859
182934
51863
51862
51865
182938
314011
182937
51871
51873
51875
51876
51878
182950
51880
51881
51883
51885
314029
51888
51890
51902
314046
132316
182979
182981
445126
51911
51912
51917
182991
314065
314070
51927
51929
314076
51933
51935
51938
51939
51942
51945
51946
51947
51949
314095
51953
51955
51956
51959
51962
183039
51971
51976
183049
51980
183053
51986
445203
51991
51992
51993
51994
51995
51996
51997
51999
52001
183073
445224
52009
52010
52011
132320
52013
52015
183088
52019
52029
52032
52034
52035
52036
183108
52038
183111
52039
183113
52044
52046
52047
52048
52049
183119
52051
52050
183127
183128
52058
52059
140605
52060
314203
52067
140607
52072
52073
445289
314220
52077
52083
52088
314238
183171
183175
183176
52105
183178
52106
52103
52109
52104
52111
52113
183188
52117
183190
52116
52122
183208
314283
183213
52143
183218
52149
183237
183247
52175
52178
183252
314327
52183
52188
140631
52196
52199
52202
52203
52204
140634
52207
314352
52208
52212
52215
52216
52221
314365
183297
314371
52228
52229
52237
52238
52239
314385
314388
314389
52244
52247
52248
52249
52251
52252
52254
52255
314400
445470
52258
183331
52259
314402
52260
314405
314404
52263
52264
183336
314407
183339
52270
52271
52274
140648
52277
52278
52279
314420
52280
445500
52286
140652
314443
52302
52304
314449
52311
183383
183386
183388
52318
314462
52320
52323
52333
52337
52338
183412
314490
52354
52355
445571
52358
52359
52360
52362
52364
52365
52366
52367
52369
52371
445590
445594
445602
445605
52398
52400
52401
52406
52410
314555
314559
52416
52415
52418
52419
52420
314570
314572
52429
52432
314580
52437
52440
52441
314587
52444
52445
314590
52448
52449
52451
52452
314601
52458
52457
52461
314606
52470
52472
52473
52474
52475
52480
314625
52482
52485
183560
52488
314635
52505
52506
445727
52512
52517
52520
445744
52537
52538
52546
52555
52556
52557
183630
52560
52561
445778
183635
52565
445786
183650
52579
183654
52589
183662
52593
183672
52605
52608
52612
52616
52620
52622
52623
445840
183697
52627
52628
52629
52630
52633
52637
52639
52653
52654
52655
52661
52663
52666
52668
52677
52679
52681
52688
314837
52696
52701
52702
52705
52710
52713
52717
52721
52725
52726
52728
52734
52735
52736
52738
445954
52741
52743
52744
52745
445962
52748
183825
183827
52758
183832
52761
183836
52764
52767
52770
52772
52775
52776
52777
52778
445993
52780
52779
52782
183855
52784
183859
52788
52790
52794
52796
52797
183871
52799
314946
52803
446020
52805
52808
52809
52810
314952
183886
314959
52817
183889
446038
446039
52825
52826
52827
446044
446048
52837
183910
52841
52844
52846
52847
52848
52849
52850
314996
52853
52854
52855
52856
52857
52859
183932
446076
52863
52864
52867
52868
315011
52870
52873
52874
315021
52878
315024
183954
183955
52883
52885
52886
401285
183962
52891
183964
52894
315044
183973
52903
315049
52906
52907
315055
52912
52913
52914
315057
52916
446131
52918
446132
52920
183996
52925
184002
52936
52939
52941
52943
271039
52945
52947
446164
52949
52950
52954
446173
52959
52960
52961
52964
315112
52970
52971
52979
52980
52983
52987
52989
184061
52991
315134
52998
52999
53000
315144
446216
184080
53010
53019
53021
53023
184098
53027
53031
53033
53034
53035
53042
53045
53048
53049
184120
53050
315196
315197
315200
184129
315205
53063
53064
315212
184143
446289
53074
184149
53079
53080
315226
184155
53085
53086
53092
315238
53095
53100
53102
53103
53104
315252
315256
53113
53116
53117
53119
53121
53122
53123
53128
53129
184202
446345
446354
53144
184219
53150
53151
140822
53155
53156
53157
315301
53161
53163
53168
53172
53174
315319
53178
53179
53181
53182
53185
53186
53187
184260
53191
315335
10572
53194
184267
53196
53197
53198
53200
53202
53204
53205
53206
184279
53209
53210
53211
53214
53215
53216
53217
53219
53220
53222
53223
315367
10579
315371
53229
53230
53231
53232
53234
53237
184314
184315
53244
53245
53246
184322
184323
53252
53256
184328
53263
53267
53268
184341
446483
184345
184346
315417
446493
184351
184352
53283
53284
184355
53287
53290
184363
315439
53296
53301
184374
184380
53310
53314
53315
315461
53319
315465
184395
315467
53328
184402
53335
53336
53342
53344
53354
53355
53358
53364
315509
53367
53368
184440
53371
271124
53374
53380
53384
53385
53386
53387
315529
53389
315534
53390
53392
53393
53394
184468
53397
53399
53400
53403
53404
53405
53406
53407
53410
53411
53412
53413
53414
446626
53416
53417
53418
53419
53420
53421
53423
53424
53425
53426
53430
315575
184507
53435
53437
53441
53442
315587
53446
184522
53452
53453
53454
53456
53457
184530
53459
53458
53462
53463
53465
53469
53472
53474
53478
446697
53486
53487
184561
53490
53491
53494
53497
53500
184572
53503
53505
184578
184581
140894
53514
53516
53518
53519
53520
315664
53522
53524
315669
53528
184606
184608
53543
53544
446763
53553
53554
53565
53569
53571
53573
53574
53575
53576
446791
315723
140908
53598
53606
184681
53617
53619
53620
53622
53623
53624
53626
315777
184710
184716
53648
446865
53650
53651
446866
184724
53654
53655
53657
53658
446884
184741
53670
53685
53689
53693
315837
315841
53701
315846
315850
184781
315855
53712
53714
315859
53719
315865
184795
315868
184799
315872
53729
184802
446946
53734
315880
315882
53739
53741
53743
53745
184819
315893
53751
184824
315899
271200
53759
53760
53761
184835
53765
53766
53767
53768
53769
53770
53772
53773
184846
53776
53779
53780
53781
53790
184862
53792
184866
53794
53796
53795
53798
315940
53800
184868
315946
53804
53805
53806
53807
315955
184885
184892
184897
53827
53828
53829
53830
447044
53834
53838
53845
447061
184921
53850
53851
53853
316000
53857
53858
316002
316003
53860
53861
53862
53863
53864
53865
184936
53866
53868
184935
53871
53872
316015
447091
316021
53879
316023
53881
53882
184955
53883
316029
184958
53896
447113
53898
184971
316042
53905
53906
53909
53914
53915
53916
184992
53922
53923
316067
53926
53928
53929
316074
53931
53932
53935
185008
53939
53947
53949
53950
53953
316098
447169
53957
53961
53962
53967
316111
53975
185048
53977
53981
53985
53999
54000
54001
54002
54003
54004
54005
185078
54007
54006
54008
316152
316154
447231
447236
54022
316170
54028
316179
185110
316183
54040
185111
54045
54050
54051
54052
54054
54064
54067
185147
54075
54076
185151
54080
54081
185153
54083
185156
185154
54079
54087
54093
54099
54100
447315
54105
54107
185180
54109
54111
54113
447330
447332
54117
54118
185191
54120
447335
316268
185197
316269
447352
54138
54139
54140
54142
447358
54144
54146
54148
54154
54155
54156
54157
54160
54162
54163
54164
316310
54166
54167
185248
54177
54178
316322
54176
54182
54186
401544
54191
185263
54194
54195
185269
54198
401546
185273
316347
447427
185289
185291
185292
54225
54227
185300
54229
401552
54233
54236
54241
54242
54243
54254
185326
54256
54257
316410
316412
185341
54271
54272
54274
54275
54276
54277
54279
185354
54283
54284
54285
54287
54288
54291
54293
316437
447511
54297
54300
54302
54306
54307
54309
54310
54313
54315
54316
54318
316462
54320
185392
54325
54326
54328
54330
54336
316491
54354
54358
185442
185444
54379
54380
185453
54384
185460
54388
54390
54391
54392
185465
54396
54398
54400
185476
54405
54406
54407
54411
54415
54416
54417
54418
54419
54421
54422
185495
54424
185497
54430
54436
54437
54440
316603
54462
54466
54469
54471
185546
54474
447691
54477
54476
54482
54484
54485
54487
54489
185562
54491
185564
316637
54494
185567
316634
54497
54498
54503
54505
54506
185579
54509
316654
54514
54517
54518
185591
54523
54524
54525
54527
185602
54539
54541
447758
54546
54548
54549
54551
54555
54557
54558
54559
54560
54561
54563
316709
54566
54568
54569
54570
316715
185640
185644
54575
54580
316727
54584
54583
54597
54598
316744
54602
447818
54606
54612
54613
54615
316761
54623
447839
54625
54627
316776
54635
54638
316784
185713
54642
447856
54646
54648
185720
54653
54655
54656
54657
54658
54659
54660
54662
54663
54664
185738
54669
54670
54671
185744
185746
54677
185752
185759
447904
54690
54692
54694
185768
316840
316842
54699
54700
54707
316854
54714
54715
54716
185789
54718
54719
54722
54723
54729
54731
54732
54734
54735
447952
316883
316885
141138
54743
54744
54746
316891
54752
316898
54755
54759
54764
185837
54766
54769
54770
185843
54773
54782
54793
54794
54795
54796
54797
54800
54803
54804
185875
54807
54814
54821
54825
54832
54833
54837
54838
54840
316985
54845
185918
54850
54851
579140
54857
54860
54861
185934
185935
54864
54865
54875
185949
54880
54890
317035
54893
54894
54897
54898
54900
54910
54911
185987
54919
54926
54928
271433
54933
54934
54940
54946
186019
317091
54951
448172
54959
54966
54968
54969
317114
54971
54970
54973
317116
317120
317121
448194
54979
54982
54986
54994
186066
317144
55003
186079
55008
55009
55011
55012
55015
55018
317168
55027
55032
55033
55035
55044
55045
55047
55049
186121
317198
55058
55059
55061
55063
55066
55067
55068
55069
317213
55074
55077
55086
186161
55095
55101
55106
55107
317260
55123
55125
186201
55130
55134
55135
55138
55144
55146
55149
55150
55151
55152
55154
186227
55156
55157
55165
55166
55167
186240
55177
186252
55180
186254
55184
271484
55186
55190
55192
55194
186268
55197
55198
141229
55199
55204
55207
186279
55210
186292
55222
448444
55230
448446
448448
448449
55236
55238
55240
271495
186315
55244
317389
55246
55249
55253
55254
55256
55261
186340
55283
55292
55294
317442
448514
186372
55301
55306
55308
55309
55316
55317
317463
55321
55322
55325
55328
55335
186408
55341
55343
186416
55344
55347
448565
55354
262706
55357
55359
55362
55365
55367
55368
55370
55371
55372
55376
55382
141267
55395
55396
55398
55399
55401
55403
55404
55407
317551
55409
317557
317560
55418
55420
55424
55426
55429
55430
55431
55433
55435
55437
55438
55441
55448
55449
11021
186524
55457
186531
186532
55461
55462
55464
55465
55470
55472
55475
55479
55493
55495
55496
55500
55502
55503
55504
55505
55510
317655
186584
186585
55518
55520
186592
55522
55524
55529
55531
262713
186606
55534
55538
317683
186610
186612
55541
55544
55546
448763
55548
55551
448767
55553
186629
186630
55558
186632
55561
55562
186634
55557
55567
317720
448792
317723
55580
55584
55587
317736
55596
317744
55602
55603
55604
55608
186682
11053
55612
55613
55610
55616
186691
186695
55624
55627
55628
55631
55632
186705
448847
55638
55648
55650
55651
55655
317800
55657
186729
448878
55663
448879
186738
55667
186747
55680
55681
186755
55685
55687
186759
55689
55694
186766
11070
55699
55700
186775
186782
55710
55712
55715
55717
55720
55721
55723
55725
55727
55728
55730
55731
55733
55734
55735
186809
55738
55739
55740
55741
55748
55754
55756
55758
55759
317903
55761
55762
55763
55765
55766
55767
186840
55769
448988
55773
186845
55774
55776
448992
271601
55779
317925
55783
55784
55785
317930
55787
55792
317938
449012
186869
317940
55802
186875
55804
449019
317952
55809
317953
186881
317954
317961
55819
317965
55823
55825
55831
55836
186909
317981
55839
317988
55845
55847
55848
186919
55852
55853
186929
55859
186932
55861
271618
55863
186935
318007
55872
55873
449091
55884
55888
318033
55890
55893
55895
318040
186970
318042
318044
55902
55903
186976
186975
318052
55909
318053
186982
55912
318054
55908
449131
186988
55916
449132
186991
186992
55914
55922
186997
55931
55933
55934
55936
187010
187012
187017
55949
55950
187022
55951
55955
55956
187028
55960
449176
55971
187048
318121
55989
55996
55998
56000
56001
56002
56007
56009
56014
56015
56020
56024
318177
56036
56037
318184
56041
56049
56067
56068
56077
56078
318224
318225
56083
187156
56088
449304
56092
56095
56100
56104
271667
56109
318256
56113
318259
56118
56120
56122
56123
56124
56126
449342
56131
56132
56133
187206
56135
56134
56137
318279
318277
271674
56141
56142
56143
56146
187219
56147
56150
56151
56152
56153
56154
56155
56156
56157
56160
56162
56164
56165
56166
56167
56168
187238
187241
56171
56172
56174
56177
56178
56179
56180
187252
56181
187259
56188
187263
56195
187276
318348
56212
187284
56214
318359
449431
56224
449443
318373
56231
56232
56233
56235
449452
56242
56245
187318
56255
56256
56259
56260
449478
56263
56271
56272
580560
56275
56277
56287
56288
449503
56290
56292
56294
56295
56296
271706
56301
56304
56309
187383
56314
187387
449535
56320
56321
56329
56332
56338
56339
56340
56341
318484
56343
56344
56345
56346
271715
187422
56350
56353
56354
56356
271717
449574
449575
56364
56366
141461
56369
187442
56370
56372
187447
56377
56379
56383
56384
56385
187458
56386
401981
187462
318535
56395
318541
56400
56401
56402
56405
318553
187482
56412
56413
318562
56419
56418
56424
56428
56429
56431
187504
56435
56440
56441
56443
187516
449664
449674
449677
187534
187533
187537
187541
56474
56475
187546
56477
449696
56481
56482
56484
449700
56486
56487
56491
56497
56499
187579
187581
187586
56518
56521
187594
187596
56525
449742
56527
56529
56530
56531
187602
56533
449749
56535
449754
56539
449755
449757
56542
449758
56544
56547
56549
56551
56552
56554
56555
187628
56557
56558
187633
56578
56583
56584
56589
187662
56591
449809
56596
56597
56598
56599
187672
56601
56602
56608
187682
56616
56619
56623
56624
56627
449848
318781
56639
449856
449863
56648
318794
56651
56653
56663
187737
56666
56669
56672
187745
187744
56685
318832
56691
56693
56697
187771
56702
318846
187776
56705
318850
318851
56706
56709
187782
449927
56715
449933
56718
187790
56719
187793
56721
56724
318868
56725
449949
187807
56743
56744
56745
56746
449961
56753
56759
56761
56764
56766
318914
318917
56776
318922
187851
56780
56784
56787
56789
56790
56794
56798
56800
56801
56804
56807
56809
56810
56811
56812
318954
56815
56816
56820
56821
56822
56825
187897
318972
318973
56830
56831
56832
56828
450045
56841
56844
56853
187927
56858
56860
319017
450093
56895
56897
56901
56902
450121
56909
56913
56919
56920
187993
56922
319067
319065
319070
56927
319071
188001
319073
56928
319076
56929
56930
56931
319075
319074
56934
56935
319079
56937
319078
56942
56943
319089
56946
319091
319090
56949
56950
56948
56952
319092
319093
319096
56947
56959
450179
56967
56968
56969
56970
56972
56974
56975
56978
56986
56992
56994
319143
57000
57005
319152
450225
57011
57012
57016
57022
319167
188102
57035
319179
319188
57046
581335
57047
57052
57059
57082
319228
57089
188161
57091
262775
188166
57100
57103
57106
450322
188180
57110
188183
57112
57118
57120
188194
57124
37406
57130
141613
188207
57144
188222
57157
57158
57165
319314
57173
188249
57185
57186
57190
319337
319340
319341
57199
57201
188273
57203
57204
57207
319352
57209
57210
57211
57212
188285
57214
57215
57217
57218
57219
57221
188293
57222
450438
319373
57230
188305
57240
57241
188313
57244
319389
57248
57250
57251
319396
57257
57258
450477
57269
57270
450489
57276
57277
57278
188348
57283
188357
581579
450509
57296
57297
188370
450517
57305
57307
57308
57309
57310
57311
57313
450530
188392
141651
57326
57327
57330
57331
57337
57342
262785
57351
188423
57353
450569
57361
319513
271919
450594
57382
57383
57387
57389
450608
188465
57393
57394
188468
57395
188470
57400
57406
57409
57410
57412
57413
450628
188489
57419
57424
57425
450642
57431
188507
188509
57438
57440
57447
188524
188529
57458
319603
450679
188538
188540
57474
57476
57479
57483
188560
319632
57495
57499
57500
57510
188588
188589
57517
57518
319669
188598
57529
188608
57537
57544
57548
450768
57563
57564
57565
57568
188640
57573
57575
57578
57586
188658
450806
57601
57602
188684
450829
450836
57621
57627
188700
57628
57639
57645
57646
188719
57654
57655
57656
450875
57662
57664
57665
57666
188744
141721
188750
57679
57680
57681
57683
57684
188758
188761
57689
188763
188764
188765
57695
57698
57701
57703
57706
319851
57707
57709
188781
57713
57714
450930
450932
57718
57722
57725
57726
450945
57733
319877
57737
57738
57739
57743
57744
57745
319888
57749
188826
57757
188832
188836
319910
57768
57770
57771
57775
319920
57776
57778
57779
319924
57781
450994
57783
57784
57785
188858
188859
188870
57800
57809
57811
57812
57813
57816
319964
319966
57825
319971
57829
319975
57834
57837
319983
57840
319986
57843
57845
57849
319994
319995
188924
319996
319993
141757
320000
57857
319998
57855
319999
320005
320001
188927
57859
320003
320004
320006
320007
57863
57866
320011
57868
57865
320010
57875
57876
57873
57880
320028
320029
57889
57892
320037
57901
320048
188981
57911
188984
57914
57917
57918
320061
11512
57924
188996
57930
189005
189012
451156
57943
57946
189019
57948
57953
57954
320104
57961
57965
189038
57967
57976
57977
57978
57979
57981
189054
57983
451197
189055
320132
57991
57992
57993
57996
57998
57999
58000
320146
189076
320150
58007
189080
58009
58008
58011
58012
58013
58018
320169
189098
58028
58032
58035
320179
320181
58043
58048
58051
58055
58058
58060
58061
58062
189133
58070
58074
58075
58076
189150
189151
58080
58081
58083
58084
58086
58089
58096
58097
58098
58102
58104
58106
58128
58129
189204
58133
189215
58144
58147
320293
58149
58151
320295
189225
320299
189227
58156
320302
58159
58160
58164
58167
189242
189243
320316
320318
58182
58185
58187
58188
58189
189260
58191
58192
58194
58195
58197
320343
58200
58201
58204
189277
320349
189279
58213
58218
58219
189291
58224
58227
58231
58232
58233
428399
320385
58242
58244
58250
58251
58254
58257
58258
272095
189332
189333
189334
451474
320412
320413
320418
320420
58281
320429
320430
58287
58286
320433
189364
58293
58296
58301
58302
58306
58308
58309
320453
58311
320465
58333
189420
58365
58368
58372
58376
58383
58384
58390
58391
320534
58396
58397
320540
189472
58400
58402
58403
58404
58405
451618
58409
58411
58412
189483
141868
58414
58416
58419
58421
189498
58428
58429
58430
58431
58432
58433
58434
58435
451644
189505
451657
320586
320587
58444
320589
320588
58445
58448
58443
58450
58453
58455
58462
451679
58467
58470
58473
11623
58483
189556
58487
58492
58493
58494
320639
58496
451709
58498
320643
58500
262831
58507
58509
58511
189584
189586
58515
58517
58518
58522
189595
320668
58525
58526
58529
58531
451751
58543
58545
58547
320691
58549
189621
58550
58551
58553
451764
58558
320703
58559
189635
320709
58570
58574
189650
272160
58587
58586
58590
58591
320736
58595
58596
58607
58611
58613
58614
58615
58619
11651
189696
58625
58626
58635
58644
58646
58648
189723
58655
58658
451877
58664
58669
189747
320822
58679
58680
189755
58692
58694
451914
58699
58700
58701
58702
58703
58704
320847
58706
320853
58714
58718
58720
451939
58725
320873
451945
58732
58733
189807
320882
451955
58744
320892
58749
189820
262841
58757
451974
58760
58763
58765
320910
58769
58770
58772
58773
451988
58777
451995
58781
451997
58783
452000
58787
58788
58790
58791
58792
452008
452010
452013
452016
189875
58813
58815
189888
58820
141950
58828
189903
58833
189916
320996
452068
189928
58857
58858
58859
58862
58865
321015
58877
58878
58882
58884
58886
321030
58887
452103
58891
452109
58895
321039
58897
58902
58903
58904
58905
58911
58913
58920
321068
58925
189996
190000
58928
58934
58936
58937
190015
58946
321092
452166
58959
321109
452187
58985
321130
190062
190065
58995
58997
321142
190071
190073
190076
59005
59006
190077
190084
59013
59015
321160
190091
59027
59040
59046
321191
59048
59050
59053
59058
59059
59060
59065
59066
59068
59072
59075
190148
190152
321224
321228
59087
59088
190160
190163
190165
190166
190167
59095
59098
190173
59101
59102
59105
59106
59108
59109
59110
190183
321258
59115
59117
59118
59122
59126
59134
59136
59138
59139
321283
59141
59142
59143
59144
59145
59146
59147
190213
402529
321285
190227
59156
452372
59158
59159
190231
321303
59163
59168
321315
59171
59173
59178
59180
59181
452396
59189
59191
59196
190269
452413
59199
59201
59206
59210
59211
59219
59223
59229
59230
59231
59232
321377
452447
59241
59248
59249
190326
59255
59264
59265
59266
190341
59270
190352
59290
402558
452507
59296
59297
59298
59306
59314
59317
59333
190407
59336
402567
190410
452551
190413
452557
321486
452558
59346
59349
321494
59353
59354
321497
59356
59357
59358
452571
190428
59362
142058
59372
321528
321530
59387
59388
452606
59392
190469
59401
190474
59403
59402
59404
59405
59406
59408
59414
59419
59421
59423
59424
190496
59426
59427
59429
59434
59435
59436
59437
190508
59439
59440
59441
59444
321594
59455
59457
402592
59468
321612
59474
59475
321621
59481
190553
59482
59484
59490
59499
59500
321644
321645
142085
59507
190582
11829
59517
321662
321666
321668
59527
59529
59531
59533
321678
190605
142093
321697
59557
452773
321701
59562
402612
59566
190638
59569
59570
190648
190651
59581
59582
11842
59584
59585
59589
59593
59596
321741
321751
272363
190681
190682
142106
190683
321757
452830
190695
321769
321779
190723
59663
59678
452895
190754
402637
190766
59700
59701
59703
59704
59706
452922
59712
452928
452931
321860
59722
190795
59726
452947
59733
59735
59738
190817
190824
59762
190847
321919
454758
190853
452997
190856
190857
190859
453008
142142
190868
59797
190870
59798
190872
59802
59803
190876
59807
190880
59809
59810
190883
59820
59822
190895
59828
59833
190906
59835
190908
453053
59838
59839
190913
59843
59846
59847
190920
59852
59853
59855
190928
59857
59858
59859
59860
59861
402672
190940
59870
59871
59873
190946
190945
322018
190950
59881
59882
59883
190955
59892
59893
322039
59895
59897
190967
59904
59908
59912
59914
59917
59928
59930
11912
59935
11913
59939
59940
59944
191017
59950
59951
59958
59959
59961
59962
59963
59964
59965
191037
59967
59968
402693
59973
453191
59977
59981
59982
322125
453201
191060
453204
59990
59995
59996
191068
60002
60003
322148
60005
60008
60009
60011
60014
60015
60018
322163
191091
191094
191096
60025
60029
191104
60033
60038
191112
60046
191120
191121
453270
191130
453274
60060
60061
60062
60063
453277
453276
60067
60068
60071
453289
60076
60079
60080
60082
60083
60085
60086
60087
60089
322240
322246
60112
191185
191186
60116
60119
60120
322266
191195
322270
453347
453350
453352
453354
60139
453356
60141
60142
60146
453364
60152
60153
191231
60160
60163
60170
60173
322317
60175
60181
60188
60189
60190
60191
402737
60193
60194
60195
453404
60202
60216
191293
191294
60225
60228
60230
60233
60234
322378
60236
60238
191312
60243
191322
191324
60254
322400
60261
191335
60269
60270
142238
60276
60278
60279
60281
60285
60287
322434
60293
322438
322442
322443
60304
60307
60308
60309
322453
322455
60312
322456
191385
60315
60316
322460
191402
322476
191413
322487
322488
191421
191427
191428
322505
322506
60363
322518
191446
191450
60378
453596
60387
60389
60392
191465
191471
60400
322548
60409
60410
191486
191487
60415
191489
60420
60421
60422
191502
60430
60434
60437
60438
191515
60447
60449
60457
191534
191536
322614
322616
191550
60479
60481
60488
191562
191566
60495
60498
60504
60505
322649
322653
191583
191595
191599
191600
60531
60534
60535
191608
272548
60539
60540
60541
60542
60543
60544
60545
453759
60547
191619
60551
142293
60555
60562
60563
60566
60567
60568
60575
60579
60587
60591
60592
453807
60595
60596
322740
60599
60600
322745
322746
453817
60604
60608
60612
191686
60616
322766
191698
60629
60631
191703
60639
322784
322785
191714
60643
453860
60645
60646
60647
191720
60649
191717
60650
191718
322796
191726
322799
191731
60662
191735
60664
191740
60670
60672
60677
60678
60695
60700
60703
322850
60730
60747
191820
191824
191829
322903
60760
60759
453976
60769
60773
60775
60778
322922
191850
60781
60783
60784
60785
60792
60794
60799
60800
191874
60807
60808
60809
60810
191884
60813
60816
454033
60821
60824
60825
60828
322986
60843
454059
60850
272610
60853
60855
60859
60867
60869
60870
323016
323018
323020
323027
60895
60897
60898
60899
191975
323048
60905
60908
323052
323072
60932
60935
323079
60938
60940
454157
60948
60949
60950
60951
192023
192028
60958
142374
60961
60963
60964
60965
60966
323111
60971
60977
60978
60981
60985
192059
323132
60993
60994
402897
61002
323149
61005
61008
61012
454229
61016
323162
61020
61025
192097
192102
61033
61035
61037
61038
61040
61041
61044
61046
402907
61048
61049
61052
192125
61054
192126
192132
192133
192134
61062
192136
192137
192141
61070
192143
323214
192145
192142
192149
61080
61086
192160
61089
192162
61095
61104
61105
192178
402919
61108
61109
61111
61112
61113
192184
61117
323262
61120
61121
142406
61123
61125
192198
323271
323272
61138
192210
61139
61141
61144
454361
61151
192236
61168
323315
61172
61178
61183
61187
323332
61194
61198
61202
61203
61208
61212
61214
61217
61221
61222
323366
323368
61225
323370
323372
323373
192301
61233
61237
323383
323384
323395
323396
454472
272691
61263
61265
61266
61267
142435
61269
61271
61278
61280
323426
323428
323431
323435
61293
61294
192367
61296
61298
192371
323445
61302
61303
61312
61313
61314
61320
192393
61330
323474
454549
61337
61340
61341
61348
192431
61361
61369
61370
61372
323517
192452
61385
61386
61391
402976
61400
61401
272720
61404
454619
192480
323552
61410
61411
323555
61415
61416
61418
61420
454637
192501
61430
61431
192504
323573
61434
454650
61436
454648
192513
61441
61447
61461
61462
61464
192544
61473
61475
61476
61477
192550
454699
61485
192558
61487
61488
61495
192572
61501
192573
61502
323656
192588
323660
323661
323665
61523
61524
61525
61527
61528
61529
323673
323674
323675
323676
323677
61533
323679
61536
61535
61532
61539
61540
61541
61542
323688
61545
61546
323690
61548
454764
61550
192623
323694
61552
323695
454769
454774
61559
61560
454776
61563
61564
454784
61569
454787
192644
61574
61578
61580
61581
38292
61591
61594
192675
454823
454825
454826
61613
192686
61622
61629
323774
61638
192712
61642
61643
61644
61645
323788
61647
61648
323792
61650
61651
61649
61653
61656
61658
323803
61662
61663
272772
61667
61669
61672
454889
454890
61675
61682
61683
61686
61689
192767
61699
61701
61702
61703
61707
61708
61711
192784
61717
61718
61719
61722
61728
61730
61736
61738
192811
61742
61751
61752
61755
323901
142533
61765
61766
403052
61777
323925
61783
323929
61789
61791
455008
61796
192868
61799
61803
61807
61810
455027
61813
61814
61820
323967
61823
323968
455043
61828
61829
61835
192911
61852
61855
61856
61862
61863
61864
61865
324011
192942
192946
61880
61888
61891
61892
61895
61896
61901
61903
61904
272820
324051
61908
61909
61911
192985
192990
61925
61934
61935
61936
61939
61940
324083
61943
455162
61950
61952
61966
193040
61968
455185
455188
61979
61984
61985
61988
61991
193065
61997
61998
61999
62000
62001
324150
62006
62008
62009
62012
193084
455236
62026
324173
62029
193103
324174
62033
193105
62035
62036
62037
324178
62034
62040
62041
324181
455252
193107
62045
62046
324183
455265
324194
324209
62069
62071
193146
62078
193153
193154
403114
62091
324245
62103
193177
62106
324251
62108
324253
62107
324256
403119
324259
62116
324260
324263
324264
324266
62124
324269
62127
324271
62130
62131
62132
324277
62134
324279
455349
324281
142608
324284
193216
324289
324291
455363
324293
324294
193223
455368
193220
62156
193229
324300
324303
324307
324308
324314
324317
324320
62177
324322
455392
324325
324326
62184
62185
62186
62188
324333
62190
455411
324340
62196
324345
62204
193277
62206
62211
193284
62213
62214
62215
193288
193309
193311
193313
62243
193315
193321
142631
455470
455479
324408
455483
142635
193346
62276
193348
324421
62289
324436
455509
324440
62297
324441
62301
193385
193387
324463
62320
62321
62322
62323
62325
324470
62327
62328
62329
62330
403163
455551
455550
193411
62342
455558
193418
62347
62346
62349
455565
62352
62363
62364
193435
62367
62368
62369
193439
455586
455588
193450
455595
62382
62383
193454
62385
455601
193459
193460
62392
62394
62395
62396
62397
324542
62399
193468
193474
62405
324552
62409
62410
62414
324560
324562
455635
62422
324572
62429
193502
324573
62432
62433
324578
62437
62439
455656
62441
193515
455661
62447
193523
193524
62457
455675
62459
62463
62472
193544
193547
62476
62487
62488
324631
193562
62491
62492
62495
62496
455714
62504
62507
193592
193595
324668
324670
62527
193599
62529
193603
193604
193606
193610
193614
62545
62547
62557
62558
62564
193638
62567
193641
62570
193650
62580
193652
455797
193661
62589
62590
193662
62592
62609
62614
193687
62616
193688
324764
62630
193704
62635
62637
324786
62643
193717
62648
324794
62652
193726
62655
62659
193732
62661
324803
324807
62664
62670
324819
62676
62677
62678
324820
62675
403232
193756
62684
62688
62691
62692
62694
62695
62697
62701
455918
324849
324852
193784
62713
62715
62717
62719
62720
193793
62722
62721
62725
62726
62727
62728
62729
62730
62731
62732
62737
62738
62741
455963
62749
62752
62753
62754
62755
62756
455968
62757
62759
62761
62762
38526
62764
193838
62768
62775
62778
62780
62783
324930
62787
62789
62796
193873
456018
62803
62804
193878
456022
193880
193888
324963
193893
62825
193899
193902
193904
456048
324978
62835
62837
62838
324986
62842
62847
193919
62851
62852
62855
62871
62878
62880
62881
456098
62883
456101
193959
193964
62894
325039
62896
62897
62898
193968
62900
325044
193977
194002
62934
62935
194011
62941
62947
194021
142770
62956
62966
325111
194040
325113
194039
456187
194046
62976
62977
62978
456193
62981
62982
62989
325134
325133
62994
325138
62996
325140
62997
62999
194069
456213
456218
63004
63006
63011
194089
194091
63020
325164
194094
63025
63026
194097
194101
63029
325173
194104
325178
325179
456253
194113
63041
325186
63044
63045
63046
325189
63054
63056
63057
325205
63064
63065
63066
63067
63069
63070
63071
194144
63072
63074
63075
63076
63077
63081
63083
63087
63088
63092
63096
63097
325240
194170
63100
63105
63107
63108
63112
63113
63115
194188
325263
456348
63139
63140
63142
63143
63144
63146
63147
63150
63153
63154
325302
63160
63163
194235
63171
63172
63175
63176
63178
63179
63180
63186
63187
63188
63190
63191
63195
63197
325346
325348
63207
63212
63213
325358
63215
63217
325365
63224
63229
63230
325373
325382
194310
325385
63242
63244
325388
63258
63260
63263
63264
403348
63266
63269
63273
63274
63276
63281
325428
63287
63290
63291
63293
325439
63299
63300
63303
63304
63310
63311
63315
63317
63318
63319
63320
194393
456538
63323
63326
63327
63333
63334
194407
63339
63340
63341
456562
63348
456565
63350
456570
63358
63360
63361
63365
403368
63375
63376
63378
63395
63398
63401
194481
325555
63411
194485
63414
194487
456630
63418
63423
194498
63427
63432
63435
63437
194509
63438
63441
63443
194516
456659
63447
325592
63449
194523
273127
63452
273128
63457
63459
63460
194537
63465
63472
63474
194548
63481
63483
63484
63486
63489
63492
63493
63498
325645
63505
63507
63510
63512
456750
63536
63537
63538
63540
325690
63555
273149
63564
456781
325712
63569
63568
63572
63573
63574
456789
63578
63579
63581
273153
63584
63585
63588
194662
63591
63590
194664
63606
63607
63611
63612
325758
63615
63616
63617
63618
63624
194697
63625
194706
325780
194708
63639
63643
325789
194720
194722
63654
325803
63663
194736
63665
63670
403429
63675
325822
63681
325827
194757
63687
142916
63691
142918
63698
63700
63701
63702
325844
325848
63706
63709
63710
63715
63717
63727
194806
456956
194817
325892
63749
456970
63762
273189
63764
63766
63771
63772
63774
63775
63777
194853
63784
63787
63795
194872
273197
194880
63809
194883
63825
63826
273202
63831
63838
63840
63848
457064
194926
63858
194931
326003
63861
63859
326011
326013
63872
63876
63877
63880
63883
326029
63887
63888
63892
63898
63899
326045
63907
142960
326057
326058
63923
63930
63938
142966
403482
63945
63946
195020
195022
63951
326094
63956
63957
195029
195030
63959
63958
63963
142971
63964
63971
326119
457193
63978
195056
63989
63990
195065
326139
195068
63996
64015
142982
64022
64029
64032
457249
64034
457251
457258
64043
64044
64046
64051
326198
64071
326215
64074
64075
64076
64077
64078
64079
64084
326228
64088
64091
457307
326241
64098
64100
326247
326250
64109
326253
326255
326256
64113
195186
64115
64116
326262
195191
64124
64129
64130
64131
195204
64133
326282
326284
326285
64142
64143
64141
64145
64155
64156
64158
64160
64161
326305
64166
64167
64183
326333
64190
64191
64189
64197
64198
64199
64202
64204
195276
64212
64214
326359
64215
64218
64225
64228
326382
195311
64239
64246
457470
64256
64257
64260
64264
64265
64266
64268
326415
64276
326420
64278
326423
326425
64288
64291
64294
195367
326441
326446
64304
64305
64307
64310
195382
195383
195385
195386
64316
64318
64320
64325
64328
273302
195405
64334
457552
64340
195413
64342
195416
64347
64348
64350
195423
64357
64360
64362
273309
64372
273311
195450
64382
64383
195456
403570
64386
457601
326536
64393
195468
273315
64398
64397
64403
64404
64407
326553
403576
64414
64423
64428
195503
64433
195507
64437
64441
64442
195516
326591
457665
64450
195522
64456
64462
195535
64465
64468
195542
195544
64483
64484
195557
457703
195561
195562
64494
457710
403593
64499
64501
64504
326649
64508
64509
64513
195589
195590
64519
195592
326665
64522
195591
64524
64525
64526
64528
64537
195612
64544
195617
64551
64559
64562
64564
64566
64567
64568
64572
195645
403608
195648
64577
64578
195651
326723
195653
64584
195657
64586
64593
64605
326755
326760
64622
64624
457840
457842
64627
64628
64630
64632
64635
457851
195709
457854
64639
195713
457859
64649
64650
64655
195732
326806
64666
64674
64678
195752
64682
64683
64685
195757
64686
64688
64689
64690
64687
195763
64692
64694
195768
457917
64705
64714
64720
195796
64725
64728
64729
326874
195804
326877
64735
64736
64739
195812
64744
326890
326891
457962
195830
64759
195833
195834
64765
64767
195841
64777
326923
64780
64782
64784
64786
195862
64792
195867
64797
64802
326947
64805
64806
64807
64811
64817
458033
64822
64827
64828
64831
64832
64834
64835
64836
64838
195912
64847
64849
64850
64851
64852
64854
64861
64862
195939
64868
64869
64871
64872
64875
195948
64877
64880
64882
195954
458100
195957
64896
64897
327040
64900
64901
64912
64914
64923
64924
64926
64928
64931
64934
64935
64936
64942
64943
64944
64945
64948
196024
196027
64959
196032
327103
64961
64963
64964
64965
64972
64973
196044
64978
64983
64984
196065
64994
64998
65000
65002
65010
65012
65013
65014
65015
65016
65020
458236
327175
65034
273442
65040
65041
65043
65044
65045
65046
65048
65049
65055
65056
65057
65058
65060
65066
65075
65081
327225
65086
327231
65089
65091
65092
327237
458310
65096
65099
65102
65103
65104
65107
327253
65110
65114
65118
458335
65120
65123
65131
196204
65134
458352
65137
196213
65142
327294
65156
65157
65158
327304
327317
196253
196254
196255
327328
196257
65186
65188
65192
65203
65207
196280
327352
65210
65211
65212
65213
65214
273477
65216
196285
65218
65229
65233
196305
327383
327389
196319
65252
196325
196324
65257
65262
65264
65270
65272
327418
65275
65280
458496
65282
65283
196355
196359
458506
65292
65296
65300
196379
65310
196384
196385
65317
65318
65320
327468
65326
196398
65327
196400
327474
65332
327476
65345
196421
196433
65364
196439
65367
273509
65374
196446
65380
327528
65386
327536
196469
65398
65402
65403
458618
196482
196486
65416
196491
327566
196496
196501
65431
65435
196508
65442
65448
196522
65452
65456
65460
65475
65478
65479
65480
65481
65482
13015
65485
65488
65489
65496
65497
65501
65502
65503
65504
65506
65507
65509
327655
196584
65513
65515
196587
65521
458737
327674
65532
65534
327685
458759
65545
65546
65550
65553
327697
327702
196633
65572
65573
196644
65575
65576
196648
196649
65581
196654
65586
65588
65591
65592
458808
65594
65596
65599
65603
327749
65611
65612
65614
65615
327759
196691
196693
65626
65628
65629
65632
65638
65642
65646
65650
65651
65656
65662
65664
196738
65673
65674
196750
65679
65683
65684
327833
196761
65694
65696
327845
65703
65707
196784
65713
196789
65718
65719
65726
196802
458947
65733
458961
65749
65754
65755
196830
65759
65760
65762
65763
458978
327909
65766
65771
458987
196847
65777
327924
196852
196859
65787
196862
327935
65793
196867
65796
65795
65797
65799
327953
273598
65830
65831
196907
327982
196911
65839
196918
459068
196940
65869
65871
65873
65874
403867
65881
65885
273611
65887
328032
65889
65891
65892
65896
65899
65900
65902
65904
196979
197013
65943
65953
65958
197033
65967
328111
197053
197057
459202
328132
65992
65994
459210
65996
65997
66006
66013
66015
197089
66018
66022
66025
328169
66027
459243
66034
66035
66043
66045
66055
273645
328203
66060
66062
66066
66068
328212
328216
459295
66082
66084
66085
66087
328233
66091
66092
66095
328246
197175
66104
197177
66105
328252
66109
66110
66113
66115
66117
66118
66120
66125
197198
66127
66129
66133
66135
66138
197210
197212
66141
66144
66148
66150
66159
66160
66164
197237
197239
66175
66176
66177
66178
66180
66182
328327
197257
66187
66190
66192
66194
66195
197276
66209
66211
66212
66217
459439
66224
197297
328370
66241
328387
66245
66247
273683
66251
197327
66255
459471
328407
66263
66265
197343
328416
328425
328429
66292
197366
197367
328448
328480
328483
66340
66344
66346
403964
66365
273707
197446
459591
66402
197485
197489
197491
328579
66436
328589
66447
328594
328595
459667
197528
197537
66466
66473
197552
459698
66485
66487
66488
328631
197562
197563
197575
459719
273735
197583
66526
197599
197602
197603
66530
197607
66536
197609
66538
197611
328683
66541
66537
66540
66545
328692
273743
197623
197624
197626
66556
66566
66568
328714
328716
197647
328720
197649
459794
197655
66584
459802
66588
66590
66592
328739
328740
66597
66599
66600
328743
66609
328763
66623
66628
459845
66634
66638
66641
197723
328796
328797
197726
66655
328799
197725
66659
66660
66661
66664
197737
66667
66668
328820
197752
197754
459910
328840
66700
66701
66702
328844
328848
66705
197772
66707
66706
459928
197785
197788
197790
66720
66722
328869
66730
459947
66733
459950
66737
66741
66745
459966
66753
66756
328901
459974
66759
328904
66762
66765
66767
66770
66772
328918
66775
197849
197854
328930
66787
460006
197864
328938
197868
66799
460024
197884
66812
66816
66819
66822
66824
66826
66829
66831
66834
66852
197926
460071
66860
143547
329004
329005
197936
66865
329010
66868
329013
66870
66874
329020
66877
197950
66878
329024
66881
66882
66879
66880
66885
66886
66888
66893
66894
66895
66897
329059
66916
66918
329063
460135
329066
66925
66926
198001
198010
66942
66944
66945
66946
66949
66953
66956
66961
66963
66965
66966
66967
66968
66969
66970
198044
66977
66979
66984
198057
66988
66989
198062
329134
198063
329135
329137
66996
66997
67001
460218
67004
67009
460227
67018
67021
67022
67025
67043
67051
198126
67055
198130
67058
67060
329205
67062
329206
67067
198143
329216
67073
198146
67079
329227
67083
67084
67087
67089
329243
460316
67102
198176
67109
198182
329255
198184
67113
329263
67123
67126
198200
67128
67130
198204
198210
67138
198214
329286
67143
329289
67145
67149
198225
198227
67160
67161
67162
67163
67165
67166
67167
198240
67168
419479
67170
67172
67173
67174
67169
67175
67177
67179
67180
67183
67198
198273
67204
198277
198279
460427
198287
67216
67217
198289
67219
67220
67221
460437
198292
198301
198302
67232
67236
198311
198312
198317
198318
67245
198326
67255
329407
67263
198342
67273
67275
67280
67291
198365
329440
67297
67298
67302
198375
67303
67305
67307
198380
67308
67313
67314
67317
198389
67320
67323
67327
67328
460552
67337
67339
460555
67342
67343
67350
67355
67357
67362
198436
67365
67367
67368
67373
67375
67377
67378
198450
67381
67384
67385
67387
67390
198466
67394
329540
198469
67395
67396
198474
67404
329550
329556
198491
67420
460644
67429
198500
67431
460648
67433
198511
67440
67441
67443
67445
67446
198518
67447
198521
67451
460668
67455
198531
67460
329608
67467
198557
198558
198563
198567
329639
460711
67499
67501
67502
67503
67509
198586
198589
67521
198600
67530
67531
67532
329682
67539
198614
67545
329690
67548
67551
329697
67556
67560
329709
329712
67572
67573
329718
198646
460790
460793
329724
198652
67584
198657
329730
67585
67588
198661
67590
198663
198664
67592
67593
198667
329740
67594
67598
67596
67600
67602
67603
198677
329750
404211
460822
67609
67608
67612
460829
67617
67619
329768
67626
460844
460846
329780
67642
67654
329802
67659
67660
67661
329805
329807
273964
329809
67669
460885
329815
67675
329819
329829
67687
329833
67693
67696
67698
67699
198772
67701
67702
67704
67708
67709
198782
198783
67712
67713
67716
329865
198795
329868
404235
67731
67736
67737
67740
67742
67744
67745
67748
198820
67750
67753
67756
67758
67761
67762
329909
67772
404245
67787
67788
67789
67790
67793
67794
67795
67804
67809
67810
198890
67822
67833
329981
461053
461054
67840
329983
67844
67846
67852
198930
330007
330011
198939
198943
461088
461089
198951
67880
67883
67884
67885
67889
393457
461108
330037
67896
67899
67900
198972
330044
330047
67904
67908
67911
67913
67924
330068
330070
67927
199011
67941
404279
67952
67958
67962
67967
330112
330115
67974
67976
67977
330127
199056
67988
199072
68004
68013
461230
330160
68016
330161
68023
330171
68027
68029
330172
461257
68044
68047
68048
68050
68053
68058
330206
68063
68064
199139
461287
68076
330220
68078
199151
461297
199155
461303
199160
68089
68094
68097
68098
68103
199177
68107
461323
199184
68115
68116
68119
68123
199198
330275
199206
68139
68143
68146
199219
199222
330294
330298
68160
68163
68170
68173
68174
68178
68179
68180
68184
68189
68190
68191
68192
68193
330333
68197
68198
68200
199273
68202
330348
199278
68208
199283
68213
199291
199305
330381
68238
68240
68241
68242
330385
68244
68247
68250
68252
199325
330399
68256
199330
68259
199336
199341
68271
68274
68275
330418
330421
68280
199352
461500
330430
330431
199368
68297
461515
199373
199374
68306
330453
68309
330459
461533
68321
330477
199406
68335
68337
68338
68339
68340
68341
330483
199415
68347
68348
199419
199423
68352
68351
68359
68360
68365
68370
68381
199456
199458
68387
274110
68398
461615
330544
68406
68408
68412
461634
68419
68426
68427
68429
68430
68437
68439
199512
68440
68443
330588
68445
68444
404378
461662
68446
68450
199534
404381
68468
68482
199556
330629
330628
68490
68491
68492
199565
68494
68493
68497
68498
199571
68500
68501
199575
68503
68504
199578
68507
68510
199584
199591
68520
68528
68529
199602
430446
199604
430447
461757
199615
68545
68546
68551
330697
68553
199627
68556
68555
461773
68559
330711
68568
68569
68572
199644
199647
199655
199661
68590
68591
68609
199687
199689
68618
330764
68623
330770
68627
68629
330778
68635
68636
68637
461858
199715
68643
68646
68649
199723
199727
68656
68659
461875
199734
68665
68670
199753
68684
68692
68701
199779
199782
68712
68713
461928
68715
68716
68718
68720
68721
68722
68724
68726
68727
68728
68730
593020
68732
68734
68735
68736
68737
330878
461955
68742
68744
68745
199818
13664
68750
68752
68755
68756
68757
330916
461992
199851
68780
404446
68791
68797
68798
68802
330947
68805
68806
199879
199883
68812
68813
68815
68816
68817
68818
199887
462036
68821
68822
68823
68825
68827
68828
330982
199916
68849
68850
330993
330995
199925
199928
199929
68861
199933
68863
68864
68865
199934
68876
68878
68881
68882
68883
68884
462108
68892
68894
68895
199977
199985
199989
68922
68924
68927
199999
462145
331075
68935
200016
68954
68957
68964
331110
200044
68972
68976
68977
68979
200051
68981
68982
68987
200066
68995
200085
69014
69016
69017
331161
69019
69022
69035
69040
331184
200114
200117
331190
69045
200119
69057
69058
69059
69060
69061
69065
69069
69072
69075
200154
69097
69103
69106
331251
69108
200190
69119
69120
69129
69141
462360
69148
69150
69151
69152
404518
69155
69157
69160
69161
69163
200236
69165
69168
69169
331313
69171
200244
331330
69204
331351
200281
331354
69214
331359
331367
462440
69225
331378
200311
331392
331393
200324
200325
200331
593548
462477
69266
200348
69278
331424
200358
69292
200365
69299
200372
331446
69310
200383
200390
69319
69321
69324
69325
69326
69335
331485
69342
69343
69346
69352
69353
69371
200445
200447
462593
200450
200454
200462
69393
404567
69399
69401
69403
69404
69407
200481
200487
69417
69422
69423
331568
69426
69427
69428
331576
200505
462650
200511
331583
331588
331592
404579
462686
69471
69472
200547
200548
69480
69481
69483
69484
404584
69495
331641
331642
69499
200574
200580
69517
69520
462738
462741
69526
462743
462745
462747
462750
69544
69550
69556
69557
69559
331704
69560
69569
69570
69571
462788
200645
69575
69576
69578
69579
200654
200655
69592
331737
69597
69598
69599
331745
69605
69610
69617
69618
69619
69621
331773
69632
69635
69636
331781
69638
69644
69645
200727
462883
69668
331836
69696
69698
69699
200780
69716
69722
200796
69727
69740
69746
462963
200823
69765
69775
69777
69778
69780
69784
69785
69787
200862
200863
69792
69794
200867
200868
69798
463015
463016
69803
331958
331962
69828
331985
69841
200918
69847
69848
69846
69850
69851
200923
69853
69854
69857
69860
69864
200938
69870
69872
69878
200950
200953
404663
200961
69890
69895
69898
69899
463116
69903
69912
69913
69915
69917
69921
200995
200998
69928
69931
69934
332079
69936
201006
201010
201018
201024
69974
69976
69977
69983
69985
69990
201066
69995
69999
201074
201076
70006
201079
70008
70009
70011
201085
201086
201088
332168
70026
70027
201099
70028
332177
332179
70042
70044
70046
70051
201124
70054
201128
70059
201132
70061
332210
332212
70069
70070
70071
70072
70074
463290
70086
70088
70089
70090
70098
70104
70113
70119
70121
70122
332270
70131
70133
70136
332280
332283
332285
332286
201214
332288
70149
201223
70151
70160
70172
70177
70190
70191
70192
70193
463406
70196
332340
70199
201272
70202
201274
201277
70207
332354
201283
332356
201284
201294
70224
404733
70247
70259
70264
332411
70270
201347
201350
70278
70282
201361
201365
332439
70302
201383
70313
201386
70322
70324
70327
201405
70342
201414
332488
70345
201415
201419
332491
70349
332493
70351
201426
404757
70357
332502
201430
201429
70366
70368
332512
201445
70374
332526
332527
70386
70387
463602
332534
201471
332543
70404
70410
70412
463633
70418
70422
70423
332567
70428
70435
70436
70443
70447
70448
70449
70453
70457
70461
70476
70489
70490
201561
70498
70503
201581
70512
201586
332662
70519
332665
201593
70527
70530
201614
70546
70553
70554
70555
332704
201633
332706
332709
201639
70569
70570
201643
70573
201646
70575
332718
70577
70578
332721
70581
70583
70584
70585
463800
70587
70588
70590
70591
332739
332741
332742
332745
300600
332746
201676
332749
332748
300601
70609
300602
332757
332759
201695
70627
300605
463845
70635
70636
300607
332788
201717
332794
201724
70656
201729
332806
70665
70666
70667
70668
70669
70670
332816
201752
332827
332830
70687
201759
70690
332835
201762
201765
463906
332839
332841
70702
70703
201777
70706
70709
70712
404829
404830
332872
70734
70736
332880
70738
70740
70747
70748
70752
70753
70757
70772
201847
70779
201859
332936
70793
70794
201867
332937
70798
70800
70801
70803
70804
70805
70806
70807
70808
70810
70811
70815
70816
70821
70822
464037
70829
332976
70834
332979
332980
201913
70842
70843
70845
201918
70862
70864
201937
201938
70868
70869
70872
70874
70875
70876
70877
70878
70881
70882
70883
333033
464111
70903
70912
70916
70917
201992
70922
70925
70926
333072
70934
202008
70939
333087
333088
333089
300668
333091
202020
333092
70950
333097
70954
70955
333099
70958
333103
464175
333106
70965
70966
70967
70971
333123
70981
333126
333127
70984
70988
70989
464207
70993
71002
71006
71010
71012
71016
333164
333165
333174
71031
71034
300687
71041
71051
202125
71055
202132
71063
71064
71065
71066
71067
71068
202141
202140
464287
202148
202152
333237
71097
71098
202171
202172
71103
71110
202183
71114
71115
71117
71118
464334
71120
71125
202198
71132
71133
71134
71138
71139
71140
71142
202215
333287
71145
202214
71147
202220
333295
71157
202239
71171
202244
333318
333324
71181
202253
71184
71186
71189
202262
71191
71192
333339
71200
71201
71202
333346
71204
333344
71206
71207
333348
333350
333352
333354
333356
71209
333358
333360
333367
333368
333371
333372
333375
333377
333381
333382
333384
333385
333386
71243
333387
464458
71254
71261
202337
71266
71271
144424
464496
71282
71287
71288
71308
71316
71317
71319
71320
71322
71325
71326
71329
133088
71336
333484
333489
464566
202425
71357
333502
202436
202437
71370
333516
71373
71374
71376
464593
71381
71382
202456
71392
71393
71394
71395
333545
71402
202475
71401
333555
202484
202485
333572
71431
71432
71433
71436
202515
71444
71445
71449
333594
333596
202527
71456
202537
464684
71469
71481
71482
71496
202570
202573
202575
71503
144470
71506
71507
71508
333653
71511
333657
333658
202587
464733
333663
71520
333665
464737
333667
71524
333669
333674
333675
464749
333678
464752
71539
464757
71543
71548
71552
333696
333697
71559
202637
393603
202639
71575
71576
71577
71587
202662
71591
71595
71597
71598
464819
464832
71617
71620
71622
71623
464839
71626
71630
333778
71642
464858
202722
464867
71654
202727
71662
464879
71665
464882
71668
71672
202744
464889
71676
71677
71679
464902
71687
71688
202764
202768
71697
71698
71700
71701
333846
333847
71704
333851
71714
71719
71720
464935
71722
71723
71725
71732
333884
71740
333886
464957
71744
333888
71750
202825
71754
71762
71763
202839
71768
71769
71767
71771
71772
71776
405040
71786
202865
71805
71808
71809
465028
202885
333960
71822
333968
71825
71827
465044
71829
71839
71840
71841
71847
71848
71859
465078
71864
465081
71866
202941
334016
71880
71881
334026
71883
71884
71885
71886
71887
202960
334028
202973
71905
202980
71910
71911
202984
71918
71920
71921
465136
71924
334074
71933
71940
203013
203014
71943
334088
71945
71944
203021
203022
203023
203024
203025
465171
203046
465194
203055
71984
334130
203059
203060
334132
203062
71990
71992
203066
71995
71996
71998
203071
203072
72002
72003
334146
465227
465238
72024
72026
203101
72031
72032
334175
203119
72049
72051
203124
72054
72057
465274
72066
72074
72083
72086
72087
72091
72096
72100
72103
72105
203179
203182
72111
72113
72114
203186
72116
72117
72120
72123
72136
334281
203217
72152
72153
334298
203226
274857
334299
72156
72160
334304
72163
334307
465379
334312
203240
72172
334317
203245
72174
72175
72178
203252
274862
72183
334328
72185
72186
72188
72190
203264
72197
72199
203273
72203
72204
72205
72207
72210
72211
334354
72213
72214
72215
203289
334362
72232
334376
72240
72241
72245
72246
203321
334394
72251
203329
72268
72270
144622
72272
72277
72278
72279
203351
334440
334449
72308
72309
334456
72313
72317
334461
72331
72334
465550
72338
72340
72348
72350
334495
72354
72355
72356
72358
72359
72362
72363
72370
334517
72375
334521
334522
334524
334527
72386
72387
334531
72389
334534
72391
334536
72393
334538
334533
72394
334541
334535
334543
596688
72400
334537
334540
72412
72413
334557
72419
72421
72431
72432
72440
72442
72443
72444
72445
72447
72449
72455
72460
203534
72465
203539
72471
72472
72473
72474
203547
72477
72478
72479
72480
72483
72485
334629
72490
203562
72494
72495
72505
334651
72508
334661
203591
72525
334670
334679
431242
334681
334682
334684
72544
72545
72551
72553
203627
72555
72558
72559
72560
72570
72571
465789
72574
203655
72585
72589
72592
203665
72596
334742
72602
72608
72609
72611
72613
72614
72615
203696
72638
72639
72640
72642
203715
72648
203720
72650
334795
72654
72655
72661
72663
72664
203739
72678
72687
203763
72693
72698
72701
203780
72710
72711
72715
72720
72721
203793
72723
465936
203801
72730
203803
72733
334878
203808
72744
334889
334890
203819
203820
334894
72750
72753
72754
334897
203829
203830
203833
203834
203835
72766
72768
334918
334922
72778
334924
72782
72784
72785
334930
72790
334939
72806
72808
72809
72811
203888
203890
72819
72820
72821
72822
72823
72826
203901
203912
72841
72842
72843
72845
72847
334991
72850
72852
72856
72857
72867
72875
72881
72882
335026
72886
335031
72888
72889
72891
72892
72894
72898
72899
72900
72901
72903
335051
335053
72912
72913
466129
72917
72933
335077
204007
72939
204016
72946
72949
72953
72955
466172
72958
72962
204040
72968
72972
204046
466190
72976
72977
204051
204053
72984
72985
72987
466205
72993
335138
72996
72997
335141
335145
335149
204082
204090
204092
204095
73027
73036
204113
73043
335201
73059
335205
73062
204134
73065
73066
73067
204137
73069
466287
73074
73075
73077
73079
73085
73091
73094
73098
73099
73100
73103
466320
335251
73108
73116
73120
73123
73128
73129
204202
466344
73132
73134
73135
204213
73147
73154
204227
73160
466380
335310
73169
73179
73183
204255
204260
73191
73194
335340
204269
73198
466415
73203
73208
73215
335360
73218
73222
73241
73247
335392
73249
73250
73257
73259
73262
73265
335409
73267
466485
204342
204344
73273
466489
204349
73281
73283
335430
73290
73293
73294
73295
204372
73303
73306
73307
335450
73311
204384
73313
335462
73319
73329
73339
73340
335490
73348
73350
73351
73353
335498
73354
73358
204436
335509
73368
73369
204442
204441
73376
73408
204482
73414
73417
73420
73424
73430
204506
335578
335582
73448
73449
73452
466668
73455
73456
73462
73473
73477
73478
204553
73482
204558
73492
335640
73499
73500
73501
73503
204582
73511
204584
73515
335662
73526
73527
73529
73530
73532
204604
73534
204607
335683
204611
73541
73545
73546
73548
73549
73551
73553
466773
73562
73563
335708
73565
73567
335715
73575
73576
73578
335724
73582
73587
73588
335735
73595
204668
73600
73604
335753
73612
73614
204686
204690
73620
73621
73624
73626
73628
73629
335777
335778
204709
204711
204712
73642
335788
73645
335791
73649
73652
204725
335796
335797
73661
335805
335807
204737
73669
204744
73672
335819
73680
73682
204755
204761
204762
73690
204765
335837
204767
204768
73697
73700
466920
466924
73713
73714
335866
73723
335869
204799
204800
335872
335874
204802
73737
204810
73740
73741
73744
73747
335891
73749
204821
73751
73748
73753
73754
73755
335897
73770
466987
73772
73775
73779
335932
73791
467012
73799
73800
73810
73821
73823
335970
73827
73826
73832
204904
73835
73839
204912
335984
335988
73846
467062
204922
73856
336000
467075
336004
73861
73862
336011
73869
73872
73873
336018
204948
336026
73884
336029
336033
467106
204965
204968
73897
73896
467113
73901
73902
73905
336050
73907
336055
73915
73919
73921
73922
204994
204996
204997
73924
73930
73931
205004
205005
73933
73935
73936
73937
73939
73941
73943
205017
205022
73952
73953
73954
205031
73963
205035
73969
336114
336118
73976
336121
73981
205054
73983
73984
205055
73986
431530
205061
73990
73995
73997
73999
74000
205076
336149
74005
74007
74008
74012
74018
467237
336167
467239
467248
467250
74035
40768
74052
336196
74055
336199
74057
336203
336206
74064
74066
336211
336212
336214
74071
336216
74074
74076
336220
336222
74080
74082
74087
74088
74092
74097
74103
74107
336251
74113
74119
336265
74122
74121
336268
74124
74126
336271
74128
74130
74137
205211
74140
336290
205220
205221
336294
205225
74154
336307
205236
336313
74171
74183
74187
467405
205263
74192
467408
431572
467412
74197
74198
74199
467423
205280
74208
74214
74215
74216
74225
74237
74239
74241
145015
74254
74257
74269
205349
74286
74287
74289
205361
74294
74295
336445
74302
74306
74310
336455
205384
74312
74314
205407
74336
205410
74340
336484
74343
74349
74379
74384
74387
205463
74392
74394
74395
205466
74397
336544
205473
74402
74403
74405
74406
205481
74415
336560
74417
205490
74420
205504
74436
74437
467660
74455
74457
74458
74461
74464
74465
74469
74471
74474
74477
205552
74481
205555
205556
74485
205557
74491
74493
74495
74502
74505
336652
74510
336655
205584
74513
74512
205587
336660
205588
74518
336663
336664
467731
336666
74523
205596
74525
336669
74527
74522
205601
74529
74534
74535
74536
336681
74544
74545
74546
336691
74548
74549
74550
74555
74558
74561
74576
205649
74578
205651
74580
74581
74585
74586
336735
336736
74593
74594
74596
336744
205673
74604
74605
336748
205679
74608
74615
74631
336775
336776
74639
74643
336788
74645
74646
74647
336790
205722
205724
74654
74656
74657
336804
336805
336806
336807
336808
74661
74666
336811
74674
205749
74681
74684
336828
74689
205761
74692
74695
336843
336845
205775
74705
336850
74707
467924
74711
74714
74717
74718
74719
205793
74722
467938
74725
74726
205798
74727
336871
205806
205809
336882
74738
336884
74741
336885
205818
74747
205819
74746
336890
74753
74759
74767
74771
74777
74779
74786
74790
205865
336937
74794
205874
205876
205877
205878
205879
74809
74810
205883
74812
205882
74817
468033
205891
74822
336970
74827
336972
74829
74830
74831
74836
205908
74839
74840
74842
336992
74849
74852
74860
599152
205939
337012
337014
205943
74877
74878
74879
205955
74884
337029
74890
74896
74899
337046
74903
74911
74919
205992
74921
74922
74924
337073
337075
74935
74938
337085
74942
74943
74944
74945
74946
206018
74948
74949
468166
74955
74956
337101
337104
74961
206034
337107
206042
337115
74974
206046
206052
468198
468202
468205
468210
74997
74998
468213
75000
75001
75004
75006
75007
337154
75012
75015
75023
337167
75025
337170
75027
75028
206099
75026
75029
75033
468252
75042
75046
75048
75063
337208
75066
337210
468284
206145
75074
337218
206155
206157
75086
75090
206171
75100
75101
75107
206188
75116
75118
206192
206197
468343
75130
75133
75134
75136
75137
75138
75140
75141
75142
75143
337288
206222
75151
468366
75152
337300
75162
206237
75170
75174
75179
75184
206260
75190
75193
206266
337339
75194
75198
206271
75203
75204
206277
75208
206284
206289
206292
75224
206296
75227
75229
75232
75233
468455
75244
75250
206324
206328
75258
337405
75262
468479
337412
75282
75293
75294
75298
75300
75301
206377
337456
75315
75317
206390
75329
337473
206408
75337
75336
206412
75341
337484
75345
337489
75350
75363
75364
75383
75386
301551
206461
75390
75393
75400
337549
337550
206480
337556
206487
75438
75442
206518
75450
75452
75454
206530
75465
75469
75471
75490
206563
75491
468707
337641
206577
75506
206581
75510
337663
206591
75520
337668
337674
75531
75532
337677
75537
75540
75547
75552
337698
75555
206630
337703
75562
75564
206647
75576
75577
75578
75579
206648
206657
337730
75596
75597
206674
75608
75612
337758
75622
75623
75624
75626
75630
337776
75634
75638
393765
75641
337789
206719
206725
75656
75657
337800
206745
75674
468892
75683
75686
75695
75699
337844
75710
75713
206789
75719
75720
206796
337874
337876
75733
337879
75736
75744
75745
75748
206821
206822
75752
75754
75757
75759
337903
75761
75760
75770
75771
468988
468987
206851
75780
75785
337932
75793
75796
75797
75799
337944
75803
75804
469021
469019
75808
75810
337958
469031
337960
469033
75818
337965
75822
75825
75826
206899
469042
75827
75828
75834
75840
75848
337995
75861
75865
338016
75874
75877
75878
338021
75880
206953
75886
75888
75889
75891
75892
469109
469110
469108
75896
75897
469114
75900
75901
75903
75905
75910
338063
338065
338072
75931
338079
75938
75944
207016
75947
75948
207021
75950
469172
338100
75958
75963
338107
75969
75976
75981
75986
75989
75993
76000
76002
76010
76011
207083
76013
76012
76018
338167
76025
431937
76037
76040
76043
338189
469261
76045
469262
76059
469287
76072
76076
76081
76082
76083
76084
338227
76086
338234
76094
76097
76099
76101
76102
76105
207178
76112
207185
76115
76116
76117
76119
275645
76121
76122
76127
338273
76131
76132
76140
76142
469359
207226
76155
76157
76163
76164
338309
338312
76170
76171
76172
76176
76180
207260
207263
76192
76196
76198
207270
338344
207273
76202
76203
76200
76199
76205
76207
338353
76211
76226
76229
76235
76237
338381
338387
338389
207323
76254
207330
76264
405932
76268
76269
338421
76277
76282
76285
76286
76287
76289
338438
76297
207383
76312
76323
76329
76330
207402
76333
76338
76341
207413
338485
76344
76346
76348
76349
76350
76353
76354
76360
207434
207441
76372
338517
338518
338520
76380
76382
207454
207459
76390
76395
76397
76399
338544
76403
207475
76406
469625
76411
207490
76418
76420
76421
76424
76425
469651
76438
76452
76464
76465
76468
207541
338614
469687
76474
76475
76477
76482
76483
76484
76486
76487
207558
76489
76492
76493
76494
76498
76499
469721
469722
76516
207589
76519
469736
76520
76532
338676
76533
338679
76535
469756
76543
338689
76547
76551
207625
469773
76560
207636
76565
76568
207641
76575
207649
145478
207655
469799
338729
207662
207680
76609
207681
338752
76608
207686
76617
338765
338766
338767
207696
338768
207699
338771
207703
76636
76638
76640
76642
207720
76649
76651
76657
207731
338803
469877
207746
207752
76681
76684
76686
338832
207766
76696
207769
469916
207773
207774
76703
76706
207780
338853
76714
207790
76718
76721
76726
207800
76737
76746
76750
76754
76757
76758
469973
76760
76764
76765
469980
338913
76771
76772
76775
76777
207850
76781
338928
76785
338930
76784
76788
76790
76793
76794
207871
76800
76804
338952
76809
76808
207883
76812
470031
76816
76815
76817
338964
76821
207894
76825
338970
76829
76833
207909
76848
76850
76851
76853
76857
207932
207933
76864
207937
207936
76868
76871
76875
339024
76891
470114
339060
470135
339065
207999
208000
339077
339079
76940
208028
339103
76960
208035
76964
208039
339116
76987
470205
76991
76996
77000
339145
339148
339152
77010
77012
339158
77016
339161
208091
77022
77029
77041
77043
339191
77049
77051
77056
77057
208130
77060
77061
208134
77064
77067
77073
77074
77076
77078
77079
77083
77084
77086
208162
77091
77094
208173
339250
208179
208180
77110
339259
77117
77118
77119
77120
77121
77123
77124
77126
208198
77128
77127
339274
77133
77137
77138
77140
208216
77147
77156
208235
77165
77166
339312
208242
77171
77173
77174
77175
339320
470390
339327
77185
77194
339339
208269
77198
339342
208271
339349
339350
77210
339355
208284
339356
208286
339362
77221
77223
339367
77233
77234
208305
77235
77241
470458
470457
77245
77248
77250
339396
339397
208327
470472
77257
339403
339404
208333
339406
339405
339408
77261
77269
77270
339419
77280
77283
339428
77285
77287
77291
77292
77294
208366
339445
77304
470524
77314
77322
208399
339471
77330
77331
77332
77333
208408
77338
77348
77350
77352
208429
339501
208431
77360
208434
208436
77365
208447
208451
77381
339526
339527
339530
339533
339539
77399
208472
470616
77403
339547
208478
77412
339562
208495
470640
470646
77434
339586
77444
208517
77448
77449
77451
77458
77459
77460
77461
77462
77468
77469
77471
77473
208556
77494
77495
77499
77504
339649
208579
77512
77514
77515
339663
77519
339669
77530
77534
208614
77546
208619
339692
208621
77553
208625
77557
77560
77561
77564
208637
339709
77570
77571
77573
208649
470796
77583
77585
77586
77587
77592
77593
77594
339739
77600
470819
470820
77606
339751
208688
470834
339763
208692
77621
470836
77625
208700
208701
77632
77633
77635
208708
77641
77642
77645
339790
77647
339792
77649
77650
77660
339805
470878
77664
77669
77670
77672
77673
77678
77680
77681
470899
208756
470901
208759
208763
77700
77701
339846
77710
208783
77716
470932
77720
77728
339877
77744
77745
339888
339894
77759
77762
77765
406231
77771
77770
77775
77776
77780
339927
339928
77785
77786
77787
339934
77794
208869
471014
339944
77801
77805
77812
77814
339964
77821
77822
339967
77824
77825
339973
77829
339984
339987
339988
77845
77844
339992
77850
339994
77852
77855
340001
77859
77860
77861
77862
208935
77864
208931
77866
471084
77870
77874
77875
77876
77877
77878
77879
77880
77881
77882
77883
340027
77884
340022
77887
77889
471105
208968
67586
77908
340053
208982
77910
208986
77915
77921
77930
77931
77936
77937
77939
77944
77946
77948
77949
77950
77951
209024
77953
77955
77957
77958
340103
77960
209032
340101
77963
77964
77966
77971
602262
340119
209049
77985
77986
77987
209091
209096
78028
209103
340176
78038
209112
78041
340187
340190
78047
78049
340194
471268
78056
209138
78068
340213
78071
78072
78073
340215
78075
78076
340223
78080
340224
78083
340230
78088
78089
78092
78093
78094
78096
78098
340243
78101
340248
340249
209179
340255
209185
78115
78117
209189
78123
78124
340270
78128
340275
78132
78133
209207
209209
78140
78146
78149
78151
209228
209232
78163
209244
78174
209247
209248
78177
209249
209251
78182
471399
78185
78187
209262
209263
78192
78193
209266
209269
209271
78201
209274
78202
209276
78206
78207
78208
471424
78210
340357
78215
209288
340361
209293
78222
78224
78228
78229
78231
78233
78235
78237
340382
209312
209318
78247
78248
78256
340401
78258
340402
209331
471474
209334
78263
78265
209345
78274
471493
209350
78278
471495
78281
78282
209355
78285
209361
78293
471509
209367
471512
209369
78307
78308
78309
209379
78313
209385
78315
78317
78318
78320
78321
78323
78326
78327
209401
78329
78331
209403
209406
340481
209410
78338
78339
340484
78340
209413
209414
209415
78344
209416
340488
340485
340487
78353
78354
78355
78358
78359
78363
78364
209440
78373
78375
78377
209451
78383
78387
471608
78399
78400
78401
78402
78403
78406
78411
340564
340567
78432
209504
340584
78441
78442
78450
209524
78453
78457
78459
78461
78463
340611
340613
340616
78475
78476
78478
78479
78480
340627
209556
78492
78498
78504
78507
78518
78522
340666
78526
78527
78528
78531
340676
340677
78534
340679
78537
78538
78539
340684
78546
78547
78550
78552
78563
78568
340712
78570
78571
78572
78573
209645
78576
78579
471804
276137
78595
78598
340746
78604
276139
340753
209686
78646
78657
340816
471892
78691
340835
209764
78694
340837
78696
78698
78701
78704
78705
209780
78711
340856
78713
78715
340865
340868
209799
209802
340877
78734
471949
340881
471968
471972
209830
209840
471994
78786
78789
340937
78797
340945
78802
78807
78812
340957
340961
78819
78827
209901
209920
209921
209924
78854
209928
78862
341007
341006
472078
341012
341013
209944
472110
209969
209970
341045
341050
341051
472123
341077
78942
210019
210024
341106
210041
210047
210050
210052
210059
78992
210068
78997
78998
78999
79000
210079
79008
79009
79016
210092
341168
79025
79028
341174
79031
341176
79034
341178
472253
341182
79040
210113
79042
79043
79048
79051
79052
341201
79070
79072
79073
79078
79094
341244
79101
79103
79106
79108
210183
79113
79117
79118
79120
79121
472338
210198
79137
79145
79151
79156
472373
79161
210234
79163
79172
472388
210250
79180
79181
79190
79191
79192
210274
472424
79210
79212
210288
79216
79218
79221
210293
341366
79224
210302
79231
210306
210307
79236
79234
79247
210320
341392
79257
341408
341420
210363
210365
341443
341445
79306
79308
79310
79316
79319
341463
210395
79329
79331
210408
79343
341490
341491
79354
79361
79362
79363
79364
79365
79367
79372
341517
79374
79376
341520
79378
79382
472608
79393
79401
79405
79406
210479
210486
210487
341559
79419
210492
79426
79431
79433
79434
79435
472649
79446
432616
79456
41844
79464
79465
79466
79467
472686
79474
79475
79483
472703
79496
79500
210577
79506
79509
79515
79516
79519
79521
79526
79528
472744
341680
210609
210615
79544
341689
79547
79548
79550
210624
79553
79554
210639
79570
79572
79575
79576
79580
146075
210653
79591
79593
79594
79596
79599
341744
341745
210674
79615
210689
210691
472838
79628
79631
79633
341777
79640
79644
79645
79646
79649
210728
210734
210737
79678
79683
79684
79688
79690
79694
79697
210769
79699
79698
79700
79701
210777
79706
79707
79708
79716
79717
79719
79720
79721
79722
79723
210795
341870
79728
79730
79731
79733
79735
79737
341881
341886
79743
79745
79750
341895
79754
79757
341903
79761
79767
79769
79771
79775
79777
79779
79781
79782
79783
210860
210864
341957
79816
210889
341962
79823
79825
79827
473044
79829
210908
79836
79838
210911
210910
210913
79842
79844
79846
79850
210923
79853
79854
473072
342003
79860
79864
210937
210938
79866
210940
79868
79867
79871
342011
210947
79875
79877
342021
210955
79887
79888
79890
79891
79892
79893
210966
79896
79908
342052
79909
79911
79920
79921
79927
211005
79934
79935
79940
211017
473165
211024
79964
79968
79969
79971
79973
79975
211052
79983
211059
79990
342136
211065
79995
211067
79997
211076
211078
80007
80012
211085
211086
80015
211088
473229
342163
80019
342165
342169
80026
80027
80030
80031
80032
211105
80035
80038
80040
80041
80046
80047
80048
473262
211125
80054
80059
473277
473278
80067
211139
342213
80070
211141
211144
80080
80082
80083
80086
80087
211158
80089
80090
211166
80094
473313
80098
342248
80105
473330
80115
80122
80125
80130
80136
342281
80142
80145
80147
211220
211222
80151
211223
80153
80155
80156
211231
211233
80167
80168
80169
80171
211247
342319
80177
80178
80188
473408
80193
80195
80196
80198
473415
80200
211275
80206
80207
80210
80211
80215
80218
80219
80220
80221
80240
80241
80242
80243
211315
211317
80255
80256
211331
80264
211337
80267
80271
342416
80274
80276
80277
80278
80279
80280
80281
80284
80287
342431
80294
80296
80301
80303
80304
80305
80306
80314
211387
80316
80318
80320
80321
342464
80324
80325
80327
342472
80329
342474
342473
80333
473549
80337
211411
80343
80346
80350
80351
342502
80362
80364
80368
80374
342521
80382
80384
80386
80387
80388
80389
80394
342546
342550
342562
473637
80427
342573
211505
80435
80437
80440
80441
80443
342588
211528
211538
80469
80470
80471
80472
80473
80474
211561
211563
80494
211579
80512
342657
80518
80520
80521
80523
342672
80530
211603
80539
342684
342686
80543
80544
80545
80546
342696
80555
80556
80560
473776
80571
80572
80577
473793
80582
80585
211660
211662
80591
80592
342737
80590
80595
80596
80597
473812
211672
80601
211675
80607
80608
80609
80613
80616
80618
342765
80624
80628
80633
80638
80639
211712
211711
342786
211714
80642
80647
211722
80651
80655
80656
80660
80669
80670
80677
80680
80683
211755
342831
80687
80691
80694
80699
80701
473920
80705
342850
80708
80709
80710
473927
80713
80717
80720
211798
342878
80742
211816
80746
80749
80751
342896
80752
80754
80755
80757
211830
80760
80767
80771
342917
80775
80780
342925
342927
80787
80793
80799
80800
80801
342945
80805
80806
211879
80809
80821
474046
80831
80837
80841
211914
80844
474063
80849
80850
211922
80853
211928
211930
211937
343010
343018
80874
80880
80881
211954
211952
80890
343042
343043
211974
80911
343059
80918
80919
80920
343070
80927
80928
474155
80941
80957
80960
80961
80965
343112
80970
80973
80976
212051
80984
80985
212058
80987
80988
80990
212063
80992
343137
212067
343140
343144
81001
81003
81004
81005
81009
81010
81021
81022
81025
343173
81030
81038
81048
81060
81077
212153
343227
212156
81086
212162
212167
212168
343243
81110
81111
81113
81115
81116
81120
81124
343283
343284
343289
343295
212231
343304
81167
474392
81178
81179
81182
81185
81188
81189
81198
212270
81202
81213
81215
81217
474433
81219
81220
212291
81223
343369
343371
474444
81229
81231
81232
81235
81242
81244
81247
212320
81250
81268
81270
81273
81274
343426
474498
212362
343435
81294
81296
81297
212375
81305
81308
81309
81310
81311
81312
81313
432987
343459
81318
81332
81338
212412
81342
81344
81346
81347
81351
474569
81365
212437
81367
81382
212455
81384
81389
81390
81391
81393
81396
212470
81400
81401
212481
81409
474626
81416
81417
81420
212494
81424
212503
81434
81435
81436
212508
81438
81437
81440
343585
81442
81446
212518
81450
81457
212530
81460
81462
81463
81464
343611
81469
81470
81472
81475
81476
81477
212549
81479
81480
81481
81482
81483
81484
81509
81512
81515
81521
81522
81524
343668
81527
81530
343674
81534
212606
81537
81538
81539
81540
81541
81543
343693
81549
81551
474765
81556
343702
81560
81561
81565
212640
81571
81573
81576
81579
343724
81581
81583
81586
81589
81600
212673
81604
81616
81619
81622
81626
81633
81634
212713
212716
81644
81646
343790
212721
81649
343795
212723
81654
81657
81660
343809
81666
81670
81671
81672
81675
212748
212747
81678
212752
212753
212754
343825
212756
81684
81687
212762
81694
81699
343843
81704
212778
81707
81708
343850
81710
343858
212787
81716
81718
81720
81724
343872
81729
343878
343880
81740
212814
343887
81751
81760
212836
81765
474982
212843
81772
81773
212846
81775
212849
343921
81778
81782
81787
343934
81792
212865
81796
81803
81824
81825
212899
81828
81829
81827
81831
343972
343977
81836
343981
81841
81843
81847
343991
81850
81852
212926
212927
81857
81860
212934
81867
81870
81871
81872
212950
81878
212957
81887
81888
81894
81895
212967
344041
344039
344043
81900
212994
212996
213001
81931
81937
213013
213015
81949
81972
344120
81976
344123
213052
81981
81987
344134
213064
344147
82011
213094
213095
82022
344170
82027
82028
82029
213103
475249
82036
213110
82040
82046
213121
82053
475269
82057
82063
82066
82069
82070
82074
82077
82079
82080
82083
82088
82094
82096
82098
82099
82100
82101
82103
82106
344255
82113
82114
82115
82120
82123
82124
344268
213199
213200
82132
82133
344277
213207
82136
213204
82139
213212
82151
213223
82153
213224
82157
475375
82169
82178
82181
475398
82185
82191
344339
213270
82203
82237
82239
82243
213321
82257
82260
82263
82265
82269
213342
82279
82283
213373
82309
82311
82313
213390
344464
82321
82326
82327
344476
82341
82342
213417
82346
82350
344494
82362
82365
82368
213443
82372
82377
344523
82386
82390
82394
82395
82397
82401
82404
82405
82406
276895
82409
475628
82414
82418
213493
82421
82424
213496
82430
82431
82432
82437
344591
82448
344593
82450
276905
82460
82465
82466
82469
82470
82471
82474
82477
82479
82481
213556
82485
82486
82487
82492
82495
213570
82501
82505
82507
407173
344656
213587
82519
82520
82523
213595
82525
213598
82529
213603
82532
82533
475759
82545
82549
82550
213635
82567
82575
82576
213648
82594
82598
213681
344753
213683
213684
82618
82620
82622
82623
82624
213695
82626
82627
82625
82631
82633
82634
82639
82640
82642
344789
82650
344796
82654
82655
82657
82663
82664
82667
213744
82675
82676
82679
82682
82684
82685
82686
82687
82688
82690
82693
82695
82696
82698
82700
82702
82703
344854
82716
344869
475946
82731
82737
82743
82745
475961
344900
213831
82762
344906
82767
82768
82772
213845
82775
82776
82778
82779
82783
82784
213857
213864
82792
82793
82796
476016
82806
82807
82811
82813
82814
82817
82819
82820
213891
82825
82827
82830
82835
82838
213914
213917
213927
82857
82858
345003
82865
213938
82866
82868
82867
345009
82877
213950
146734
345054
82911
213983
213985
82916
82921
345069
82929
82931
82932
82935
82937
82939
82941
82942
82944
345098
214030
82962
82963
82966
82967
82968
214041
82970
214047
214051
82990
82992
345139
214069
82999
83001
214074
214075
345149
83007
214081
214083
83013
214086
83015
214087
214093
214096
83024
345170
214099
214100
345176
214105
83036
83038
83040
83052
214126
214129
83059
214131
476275
214134
214135
214137
214138
214139
214140
214146
42563
83078
83079
83081
476299
214157
83088
83090
345235
83091
83098
83099
214170
83101
476314
83105
83107
214181
83114
214187
83116
345261
83119
83121
83122
83124
83125
214201
83132
83135
83136
214209
214210
83140
214215
214216
345287
214218
83147
214219
83144
83155
345306
83172
345317
476392
214251
345323
83183
214256
83185
83186
83188
83189
214264
83193
83192
83195
83200
83201
83202
83203
83205
214280
83209
476424
83214
83215
83217
214289
83221
83222
83223
83228
83229
83230
83232
83233
83234
83235
214305
83238
83240
214314
83242
83266
214340
83271
83272
214348
214349
345426
214355
83284
83288
83292
345438
83295
83297
83299
83301
83310
214395
83323
345468
345470
83330
83342
83343
83345
83346
214418
345489
83354
83355
345500
83356
214430
83360
83361
214433
83363
214436
214446
214447
345519
83384
83388
83389
214464
214472
83401
83403
83406
83407
83412
83413
83415
476631
83418
83429
83435
83443
83444
83446
83451
214525
83456
83459
83461
345617
83473
83475
83479
83481
345626
83486
83491
83492
345637
83495
83500
83501
476719
83505
345661
83519
345664
83524
214597
345670
214600
345680
83539
83540
476755
83542
83552
214629
83562
83564
83566
83567
214641
83579
83581
345725
83583
83584
345727
83588
83589
345735
83593
83599
214671
214676
83613
83614
214688
83617
214699
83630
214703
345775
83633
214717
83651
83653
83660
214735
83664
83665
83666
83667
83670
83678
214753
83683
214756
83686
214758
214761
83690
214775
476919
83706
476926
83714
345859
83717
83718
83721
83724
83726
83727
83728
83729
345874
83731
83732
345875
83735
83738
345888
83746
83750
476968
83754
214827
83761
345906
345909
83765
345911
345913
83770
345915
345914
345916
345918
345920
345922
345923
476996
83779
345924
345925
83782
42704
345928
83785
83786
345931
83788
345932
345935
345937
345938
83795
345944
83801
83802
214876
83805
83811
214884
83816
83817
214890
477033
83820
83827
83831
83834
214909
83838
214910
83849
214922
477069
83857
83860
83862
83864
83865
214938
83866
83868
83869
83875
83876
83880
83889
83890
346034
407448
83897
407449
83899
83900
83902
83903
214979
83907
83909
407451
83912
83914
346079
346084
215016
346089
83944
346093
215023
83954
83957
215031
215032
346106
83965
215037
83969
215042
83972
83980
83985
83989
346134
215063
83994
83995
84001
84002
84012
84016
84023
346170
84026
84028
84030
215107
84035
84038
84050
84056
84058
84060
215134
84062
84066
84071
84079
84081
84082
346225
84084
84085
84086
84087
84089
84090
84094
346239
477310
84097
477313
84099
84100
84104
84105
84106
84108
84109
84111
84114
477331
84116
477333
84119
84140
84154
215231
84164
84165
84166
84167
84169
84170
84171
84172
84173
84174
84175
84176
84177
84179
84180
84183
84184
84185
84186
84187
84188
84190
84191
84192
84193
84194
84195
84196
84197
84198
84199
84200
84201
215270
84203
84204
346347
84207
84209
84210
84211
84214
346364
84226
215299
84228
215302
84233
42794
84237
84240
346384
84242
346388
84248
84249
84254
346401
84259
215332
84273
84274
84275
477491
84278
84281
84282
84284
84285
84286
84287
84288
84290
84295
84296
84298
84299
84300
215373
346443
84303
84305
84306
215379
84308
84309
84312
84316
84317
84318
84319
84323
84324
346469
84326
84327
84328
346473
84329
84330
346472
84332
84333
84334
215407
84336
215405
84338
84337
84340
84341
84342
215408
346489
84344
84345
84346
84347
84348
346490
84350
84351
84352
346494
84354
84355
84362
84363
84364
84365
84368
215453
84383
84397
215471
84401
84404
215478
84416
84418
84419
84420
346564
84422
84425
346570
84427
346574
215505
84442
215520
346592
84450
84449
346600
84465
215538
84473
84474
84479
84481
215562
277309
84493
84496
346641
84499
346646
346648
84505
346650
346651
84508
215579
346652
84511
346658
84520
346671
346672
215609
346681
84540
346685
346684
346699
215628
84562
215637
84567
84569
346714
84572
215646
84575
346723
84580
215653
84584
215657
84586
215658
346737
84601
346755
346758
84617
215691
346763
84626
215699
84628
84630
84632
84633
84636
215711
84642
84643
84644
215726
84655
84656
84657
84658
84660
346808
215736
215739
215740
215741
84672
215763
84693
346838
477912
84697
84701
84703
215776
84705
84708
84710
84711
84713
84718
84719
84720
215794
84724
84725
215797
84727
84728
84729
84730
346873
215800
84734
84735
84739
84741
84742
215814
84760
84765
84771
84772
215843
84774
215847
215848
84777
84780
84781
84782
84784
215861
84792
84796
84797
84801
215875
84805
215881
84820
478038
84823
84827
84831
84834
215908
478054
84839
346985
84844
215918
84847
84848
215924
84852
215928
84857
84858
215931
215935
84865
215946
84875
84880
347026
84884
347031
347033
215962
347035
84892
84902
84903
215976
84905
84906
84904
84908
84907
84911
84912
84917
347064
84922
84925
84942
216015
216016
84951
347096
347097
84954
84956
347105
347106
347111
84968
84971
84972
216043
216046
347123
84980
84981
347126
347127
84984
84993
84994
216068
84997
347142
85005
85007
85009
347155
347157
85014
85013
347164
85022
85023
85025
85032
85033
85038
85039
347184
85043
85044
85047
85050
85052
85053
347201
85058
216138
216143
347216
216153
216156
347230
85087
347234
216163
85097
216176
85107
85110
216183
347258
216187
347264
85125
85126
85127
85129
216203
85155
85160
85162
85163
85170
85172
347317
85181
42982
85184
347328
347331
85191
85196
347344
85200
85204
85207
216282
85220
85221
85224
85229
85230
85231
85232
85233
85236
347382
85239
85242
85247
85255
216328
85262
85265
85267
85268
347413
85277
85285
85286
85290
216362
216363
85293
216369
85304
85312
85315
85317
347465
216394
85325
85327
85328
85330
478548
85336
85339
85340
85341
85346
85349
85350
347495
347497
85356
85365
85367
216440
85373
216445
85377
347528
216457
85389
85393
85394
347538
85398
216472
347548
85411
85414
216487
347561
85420
85424
85428
85429
85430
85431
216502
85434
85435
85438
85439
85442
85444
85446
85449
216521
216529
85463
216539
85469
85472
216546
216550
216553
85483
173300
85484
347627
347630
347629
173301
85494
85496
85498
347642
85502
347647
85504
85505
85507
216580
85509
85510
85511
85512
85513
85514
85516
347660
85518
85519
85521
347666
85525
347669
478741
85533
85535
85540
85542
85543
347688
85545
85546
85547
277519
85549
85550
347689
85548
347697
85556
347702
85559
85564
85566
85572
85574
216647
216652
85581
85580
85588
85589
216661
85590
85593
85598
216672
85601
85602
347751
347752
85609
347754
85610
85611
478829
85613
347757
85615
85616
85617
347762
347763
347764
85621
347760
347767
85625
85628
85633
216707
85637
85638
85639
85640
85642
85643
85644
347786
85646
85648
85651
85652
85654
85656
85657
85658
407799
85660
347807
216736
85665
85669
85670
85672
85673
85674
85676
85677
85681
216755
85685
85689
85690
347835
85693
85695
85696
347841
85699
85701
347847
347848
85706
347850
85708
85709
85711
347855
85715
216790
85721
216794
347866
85726
347870
347872
85729
85735
347881
347882
85739
85740
85741
85743
85745
85746
216822
85753
85755
85758
85762
85763
85764
85765
85768
85769
85771
85778
85780
85783
85784
216859
85788
85787
85790
85791
85793
216867
85796
85797
85798
85800
347944
347945
216876
85813
85814
85819
85820
85821
85822
347968
347969
479040
85827
85828
85830
85834
347979
85836
85837
347981
85840
85841
347984
85844
216919
85849
479065
85853
85854
85860
85867
85870
85871
85873
85876
85878
216953
348025
85883
85886
85887
85889
348035
216968
85899
85901
85902
85904
85910
216983
85916
216989
348060
85917
348069
85926
85927
217011
85941
85942
85944
348089
348090
85948
217027
85956
85959
85962
85963
85964
217038
85966
85967
85968
85970
85971
85972
217056
479201
217057
85985
85988
348138
86000
86004
348150
86008
217083
217085
86023
348181
86040
348191
479263
86049
479269
217129
86059
86063
86068
86075
86077
86081
86087
479306
86093
86094
479309
86096
217172
86101
86103
217185
217187
407890
86118
86120
217197
86126
348273
86131
86133
86143
348287
348295
348296
86154
86157
86168
348313
348315
86172
348318
217247
348320
86177
217250
86182
348327
86186
86190
86191
86193
86194
217268
86196
86201
348346
86203
86204
217275
86205
86207
86208
86209
86210
86211
86213
86214
86215
86217
217295
86223
86225
348375
86232
86233
86234
86231
86236
86237
217303
86239
86240
86241
86244
217316
348390
348389
86248
348391
86251
86252
348396
217324
86254
86256
86257
86258
479475
86261
86262
86266
86267
86269
217341
86271
86272
86274
86275
86279
86282
86283
86284
348434
86295
86296
86297
86302
86303
86304
86305
217387
217389
86318
86320
86321
86324
86326
86331
86332
217405
86337
217412
217414
86343
86345
348499
217428
348501
348502
348503
86360
86363
348507
217435
348511
217439
86369
348521
86380
86381
86382
348528
348530
348532
348533
86391
348536
348537
348540
217471
348544
217472
348547
86404
348555
86412
86413
217487
86416
348566
348569
348572
348573
348574
86431
348576
86440
86441
86457
86458
348601
86461
86462
86463
86466
86467
348611
86470
86472
86473
217546
86482
86483
348631
348634
86493
86494
217565
86495
86497
407965
479709
86500
86501
217576
86505
86508
348656
86515
217587
86517
217590
86520
86522
348668
348673
348674
348675
86532
217605
86534
86535
348678
86531
348677
86541
86543
348689
86555
86556
217632
86574
217648
86577
86576
86587
86591
86593
86594
217667
86597
86598
86599
86600
217672
86603
86604
348748
86608
479829
86616
86618
348762
86621
217693
348765
43269
86633
217708
86637
86643
86644
217719
86647
86649
86651
217724
348796
43274
86655
86658
348806
86664
86666
86667
348810
348811
348820
86680
86682
86685
86687
217763
86696
86700
479918
217775
86705
86706
86707
86709
348853
217785
348857
217787
86713
348858
86718
86721
86726
86727
217802
86732
217809
86740
479957
86742
86743
217817
348892
348893
86750
86751
348896
86755
86759
86763
86764
86768
86772
86777
86782
86785
348929
86791
86792
480014
348955
86812
86814
86816
86819
86820
86821
86822
217896
86825
86828
86829
86834
86835
86837
86838
43312
348989
217917
217919
86850
217923
217925
349008
86868
217948
349028
86889
86901
86902
349045
349048
349051
217983
217987
86916
86917
86920
480157
86942
349086
86944
349089
86945
86949
86955
86956
86959
349105
86968
86970
218043
86971
86975
86979
86980
86982
86983
86985
86987
86990
349135
277806
349138
480210
349158
87016
87017
87018
218092
349165
87022
218097
349176
218105
349177
87035
87036
218113
349193
349201
87060
87061
87063
87065
87077
87078
218150
87081
87090
87093
87098
87101
87115
87117
87122
87123
218212
218213
87148
218221
87151
218233
218238
87169
87178
87190
218262
480409
87194
480412
87199
218275
87204
218283
218296
218299
87229
218302
218305
87233
87235
87241
87245
87248
349394
87267
218341
218342
218347
218351
218365
87294
87296
218369
349441
87300
87303
87304
87308
218381
87311
349456
218389
480536
218393
87321
87323
218395
218404
87335
218408
87339
87342
87343
87349
218425
349498
480572
87358
87362
87365
87369
218443
87372
408140
87378
218457
87387
218460
87388
480603
87392
87394
87400
218473
87408
218482
87415
87417
87421
87428
87436
218508
87440
87462
218535
87464
87469
87472
87481
87489
218563
87492
87496
87499
87500
87502
87503
87504
218576
87506
218582
87514
87516
87517
87521
87531
87533
218610
87541
218624
87552
87561
87567
87587
87588
87591
87593
480810
218670
87612
218687
218688
218689
87621
87628
87629
87636
480853
218713
349790
87654
218728
218736
480881
87669
87673
87677
87683
218769
218772
218778
87706
87709
218784
87719
87729
480948
87734
87736
87737
218810
480973
87759
218836
43496
408219
87774
408220
218850
87788
87789
87790
87799
349948
218877
87817
87818
87820
87825
87826
87827
218898
218901
87835
87836
218909
87846
87847
87851
87852
218931
87864
87870
87874
87881
87884
87889
87892
87894
87897
218974
43523
87905
87906
87908
87909
87911
87914
350060
218993
87925
219001
87936
87939
87943
87945
87952
87953
87966
87968
219043
481192
173796
219054
87983
87992
87995
219067
173800
408265
88005
219080
408266
88012
88013
88018
408268
88030
88031
88032
88034
88036
88042
481261
481264
88051
350203
88061
88065
88067
88075
88085
88090
219166
88107
219180
88118
88126
88138
219233
350312
88174
219247
88176
219248
88179
88183
88190
88192
88209
219288
481439
88224
350370
219302
219318
88252
88253
88255
219335
88264
88266
88269
88271
219343
219345
88273
88274
88276
88284
88285
88286
88288
88293
88302
88309
173863
88318
88320
88334
88338
88348
219424
88352
88354
350499
88359
350505
219435
88374
88375
88376
88377
88378
88390
88395
88402
350548
350554
350555
88418
88421
350566
88423
88435
350594
88451
481675
350616
88478
219553
88486
88491
88496
350641
219572
219575
88504
88518
88527
88528
88529
88534
88535
88537
350695
408374
88557
88558
88562
408376
219639
88573
219645
88580
88583
219666
481811
88599
219674
88609
350762
219693
350765
481841
481847
88633
481849
350779
88641
88643
88655
88658
219730
88662
350806
350808
88665
88673
219754
350831
350839
350845
350846
350849
219781
88722
88727
219808
88737
88744
88751
219823
350904
88762
43694
350931
219860
482004
88794
88798
88811
88812
88818
219894
219898
88830
88844
219924
88860
88863
88865
219940
88875
88893
351037
351043
88905
88907
88912
88920
351065
351067
351072
88930
220003
220002
88933
88934
220005
220008
88937
88941
88947
88949
88950
88953
88954
351097
220029
88972
351145
220075
89008
220095
220106
351186
351187
351192
220124
89056
89059
89065
89066
351211
89068
89070
89072
351217
89079
220153
220154
89086
304274
351232
89092
351242
220176
220177
89115
89116
89126
220200
351281
89145
89146
89154
89156
89158
89160
89183
89185
220258
89187
89191
351339
89199
43782
220286
220287
220289
220290
351365
89223
220300
89237
89247
220327
482477
43794
89269
89271
351420
351423
89280
89284
351429
89287
89292
351440
89307
89309
351454
89315
220388
351460
89322
89325
89326
89330
220404
89333
220407
89337
89351
43813
220436
220443
89372
220447
408539
89385
89386
220459
89394
89397
408542
220471
89403
89405
220486
220488
89417
220493
220494
220500
89433
220511
89440
220514
220515
89445
89453
89455
89456
89458
89462
89463
89472
89481
89482
89484
220557
89492
220565
351638
89495
89494
89501
89513
89522
89531
89540
89541
351688
89547
220620
89549
351694
89551
89550
89555
89560
43854
89571
89573
43856
304372
89581
220653
89584
220656
89587
89593
89595
89596
220669
89602
89604
89606
220690
89625
89638
220714
89644
89645
89647
482866
89651
89652
89653
89656
220731
89659
89662
351809
89666
89672
220746
351819
89675
89674
89681
89688
89691
89702
89704
89708
220782
89716
351862
351863
89720
89722
89723
351868
89725
220798
89728
220809
89738
89743
89750
89751
89756
351901
89757
89762
89763
89773
89774
89785
89791
483010
89800
89816
89817
220890
351964
89823
89825
351981
89841
220916
89847
89857
89861
220933
89862
89868
89870
89872
89873
89874
89877
220949
352024
352025
89883
89888
483104
352036
89899
220975
220976
89904
89909
220985
89921
89922
89924
89931
89946
352094
89971
89974
352128
89984
89993
89994
89995
89998
90001
90010
352156
352157
90015
90016
352161
352162
90019
352164
352166
90027
90029
352173
90030
90034
352179
221112
90041
352186
352187
221121
352197
221127
90056
352200
352199
352202
90061
352205
221135
352208
352209
90063
221144
90072
221148
90076
90079
90086
221161
483306
90092
352237
90093
90095
90094
221171
90100
90106
90110
90115
90116
90118
90119
90120
90121
90122
90125
352275
90147
90148
90149
221234
90164
221240
221241
90171
90177
352327
483400
352334
352342
352353
90214
90228
352372
90231
90232
352387
90265
221343
90272
221346
90291
90315
90319
221395
90324
90335
483552
90342
221418
352490
352492
90349
352494
90351
352491
352498
352501
90358
352504
90363
221437
221444
90374
90376
90387
221459
90391
90395
352539
90406
352552
90414
90415
221488
221510
352582
221518
221527
90458
90460
90461
221534
90465
90497
90503
352650
90509
90511
90517
483737
90523
483742
90532
483755
90540
352689
90548
352694
352695
90556
90560
90563
90567
90572
352719
352720
90582
221656
221660
352733
90590
221667
221671
352745
90603
90616
90617
221693
90634
174324
483855
90644
221717
352790
90652
221731
221732
90659
352812
90682
221767
90695
352845
352851
90715
221790
221791
90720
221793
90722
174341
90726
90728
221800
221801
352885
352890
352894
90755
90762
18040
90770
352914
352917
90779
90781
90785
484008
221865
90799
90800
221873
90802
90806
90807
90816
352960
221902
352978
221914
90843
352988
221917
90851
90867
90873
90879
90888
90908
174378
221981
90909
484133
90918
353066
353069
353070
90928
90930
90932
90944
90949
90954
90955
90956
90957
222030
353108
90966
90967
90968
353117
90974
90978
90980
353125
90984
90992
91001
353148
91007
91010
304657
353163
484238
91025
484245
91030
353182
91041
91045
91052
91056
222131
91060
91061
91063
353208
91066
91067
91068
91070
353216
91073
91076
91088
91094
91099
353257
91122
222194
91128
222201
91138
353285
222216
222220
91150
222230
91165
353311
91181
353326
91186
484413
91198
353345
91204
91207
91208
91217
91221
222297
91226
353378
91237
222311
91245
222318
91250
91255
91258
91259
91262
353406
222336
91265
91266
222339
91264
91270
353419
222351
353433
91292
353440
222370
353446
222380
91311
222383
91314
91316
222388
353460
353464
91322
353467
91325
91334
91339
91342
91343
353486
353491
91352
484569
91356
353500
91367
484586
91380
222454
353533
91390
91391
91396
91403
91408
91410
222487
91417
91419
91422
353569
91426
353571
353570
484645
353575
91443
91445
222517
353595
91456
91459
353609
353610
91468
91470
91471
91472
91473
353616
91475
91476
91477
91478
353614
91480
91481
91482
91485
91487
353641
353652
222581
222597
91527
222600
484746
91530
353686
222619
91548
91549
91552
91554
91556
91563
353713
91571
222649
91580
353725
222654
91583
91584
353728
91586
353732
222661
222666
91598
222671
353746
91603
91607
91618
91624
91627
91628
222715
353790
484862
91655
222731
353813
484886
91673
91679
91683
222759
91690
91691
91694
222772
484917
222786
91715
353859
484933
484936
91721
91722
353866
222796
91726
91727
91728
91729
91732
353879
91736
91737
91735
91739
91745
353898
222832
91767
222848
91781
222858
91795
91796
222870
222872
222885
91814
91815
222890
485037
222899
353979
222911
353989
353997
353999
222932
222934
222935
222936
222939
91875
354021
91878
222951
354023
91880
91890
91891
91893
91901
91902
91908
91911
91913
91921
222996
222998
91926
354072
91929
485153
91938
223018
91950
354100
91958
91961
354105
354110
91967
91973
223046
91979
91980
354125
354128
354133
354150
92038
92056
92069
354216
223147
354220
223150
304869
354234
92096
485313
223178
354251
92108
92117
92119
485337
92127
223202
92131
354275
92132
354282
354285
354287
354296
92164
92168
92171
223249
92180
92182
92189
92193
485415
92208
223284
485443
92233
354379
92238
354382
354388
223318
92251
92254
92257
92269
92272
92273
223346
354421
92282
92283
354428
92286
92287
485504
223361
92292
92293
223365
223367
92298
92299
485517
223374
92307
92309
92311
92312
92316
223391
92320
92321
92319
92323
92326
485546
92331
92332
92341
92348
92349
92352
174665
92371
92377
92381
92383
92384
92387
92389
354534
92391
92393
92395
92397
92398
92399
354544
92401
354547
92410
354556
223485
92412
92413
92420
92424
223497
92432
223506
223519
92452
92459
92464
92465
92469
92472
92473
92475
223551
354625
92484
92493
223566
92496
92499
92501
223574
354667
223613
92554
485774
223632
92562
92572
223655
92586
92591
92601
92603
354747
223680
485827
92620
223702
354776
223706
92635
92647
92657
354803
223732
92662
92663
92667
92670
92673
354818
92676
485894
92681
354832
92690
92691
485906
485911
223768
92698
92699
92702
92705
92711
354857
354859
92716
354861
354864
223793
92722
354867
92724
92727
92728
92737
223813
223816
485964
92750
92751
354912
92769
92771
92775
92778
485995
92780
354924
92779
92782
92787
92796
92798
92802
92804
92809
354957
92819
92820
223895
174759
92834
354979
92837
92848
92850
223922
92853
223932
92864
355008
223944
223946
355020
223954
355065
355066
92927
92931
92940
92943
355091
92950
355111
224040
92968
92972
92982
92983
92988
92989
92990
355135
224061
224063
355141
92998
355147
224076
93006
224079
224084
224087
224089
93018
224098
224100
93030
355177
355178
93041
224119
355193
224127
93057
93061
93064
355211
224141
93072
93077
486299
93084
355230
93087
224162
93091
93103
355254
93114
93115
93116
486331
486334
355264
93122
224204
355277
93142
93151
355297
224233
93164
224243
93178
224251
93180
93181
93184
224258
93188
224261
355335
93193
355338
93195
224275
93212
93215
224293
93222
224297
93230
224303
93236
355389
224330
93260
93263
486482
224339
435366
93289
355436
224365
486508
486517
93313
224393
355473
224404
93335
93338
224414
224416
93350
355506
355515
486599
224458
93394
355545
355547
93407
355567
93427
224507
93440
93442
93449
355594
355598
93456
93457
355600
93461
355629
93492
355636
93510
93511
93519
93521
93528
224600
93540
409366
93553
93556
93560
93562
93576
355730
224659
355771
93627
224714
355786
486863
93649
93669
93672
93676
93685
224778
93708
93718
486946
224813
93743
224815
355890
93751
93754
486982
93775
355925
93782
355930
93796
355952
224885
224894
174958
93828
224903
93834
224908
93840
355984
224916
224918
224919
224920
355993
224923
355998
93855
93856
356000
93858
93862
93863
224937
93867
224944
224946
356021
224951
93888
93890
93891
93892
224972
93904
224979
93907
356054
93911
356057
224989
224992
93922
93929
93934
93935
93937
93938
93939
487156
93946
356090
225029
93961
93962
225038
225044
93979
94005
356149
94009
356155
356156
94016
356161
356167
356174
94042
356187
356189
94047
356191
94052
356197
94055
356200
356201
94065
94066
94067
94069
94070
94071
356216
94072
356218
225160
94092
94097
225175
94104
94105
94108
225181
94123
94129
94135
94139
356294
225223
356296
356298
225228
356300
356305
487381
487383
94170
487387
225244
94176
356324
356325
94182
356326
356329
356332
356334
356335
94192
94196
94201
94205
94209
225281
225283
225285
94214
356366
94225
94228
94236
356381
94241
94248
94251
94257
356401
94260
94261
94282
356427
356461
94326
94329
94331
225403
225406
94336
225408
356482
356483
94340
225409
356486
94344
94348
94352
94354
94356
356500
94363
94365
94376
94393
225466
94403
94405
225494
225499
225503
94440
225525
225534
94466
94470
305344
94478
94480
94482
356626
487702
225564
225565
225570
487716
225574
94502
225577
94509
94510
94525
487741
94527
94529
94532
94533
225606
94540
225614
94542
94544
356690
94548
94551
94555
94563
94565
94568
94574
94577
94585
94590
94592
356747
94608
356752
356757
356758
94615
94618
94623
94630
94638
94639
356783
94641
356786
94643
225719
94649
94653
94655
225728
487873
94658
94659
94663
94664
94666
94671
225745
94674
225747
225760
225762
94696
356841
356842
356846
94702
225776
94706
94709
94716
356862
356864
94721
94725
94727
94728
94730
94736
94739
94741
225813
94744
225816
94747
94751
94752
356895
356898
94755
356900
356901
356905
225834
94770
94771
225850
94790
94792
94794
94798
94803
94807
94809
94811
225886
94818
94820
225898
94831
94832
94836
94840
94841
356987
356994
94851
94854
94857
225940
225943
488087
94874
225951
94881
225958
94887
94889
94894
94901
225975
94904
225982
94915
94917
226001
94935
357096
488170
94959
357106
94965
357110
94970
435702
226050
94982
94996
435707
226072
95004
95006
488223
95008
95010
357155
95012
95015
95019
226092
95023
95027
95028
95029
95037
95040
95043
95046
95056
95060
226140
95077
95083
226163
95093
226167
95096
95101
95103
95105
95108
95114
226188
95131
95134
95137
95152
226227
226229
95162
95164
226236
95169
357313
95174
95177
226251
95190
95192
226268
95197
226288
95240
95242
95243
357390
357405
357407
226336
357411
95273
357424
226354
226363
357441
226371
95322
95337
95348
95358
95359
95363
226437
95371
226444
95372
226445
95375
226448
95383
95385
226458
357529
357530
357540
95399
95400
95402
95403
488623
95410
226486
95414
95431
95440
95448
226524
95453
488669
95455
357600
95466
95467
226540
95482
95493
95503
95504
95508
435809
95516
18985
226594
95536
357681
95538
95548
95551
95552
95554
95555
95556
95560
226632
95562
95563
357706
95565
435821
95574
95578
95590
95597
95600
226672
226673
226675
95603
226679
95608
95610
226685
226686
226689
226693
95627
226701
95630
226702
226704
357784
357786
95647
357799
226728
226732
226733
226739
95675
95677
95682
95683
357837
226766
95700
357851
435848
226787
226792
95724
95727
95730
357883
95740
226814
95743
95744
95752
95755
95756
488971
95758
357905
95765
95771
95775
226857
357940
95797
226875
95807
95808
357959
95820
357974
489050
95838
95853
95854
95862
226936
95864
95866
95874
226948
95892
226968
95919
489137
95939
358083
95943
95949
227026
95955
95956
95963
95966
95967
489184
95977
95990
95997
96001
227077
96005
96010
96011
227094
96026
96035
227121
227143
227156
227159
96088
96089
96090
96087
96092
358238
96097
358243
96105
96106
96107
96108
96112
227188
96118
227196
96127
227200
96128
96129
96131
96132
96133
489354
96147
358293
96159
96161
96167
96171
96172
227245
96175
227257
96186
358332
227261
227262
227266
96196
227271
489420
227281
358353
358356
96217
96218
96220
227300
96231
227306
96238
96239
96243
96252
227325
96255
358403
227334
96265
227348
227350
358430
96287
96288
227359
358438
227370
96300
96306
227383
227402
96333
96334
96337
96342
96346
96349
96350
19151
96357
358505
96366
358511
96368
358515
358521
96378
96382
358532
227462
96393
96394
96395
96396
96398
96399
96401
96404
227481
96411
96419
227493
489645
489648
96433
227506
96434
96448
96454
96458
96460
96468
358615
96477
227552
96482
96484
96495
96496
96497
358644
96501
96503
96509
96525
227600
96529
96530
227603
489749
96534
96535
96546
358694
96551
96552
227627
358702
96574
358724
358725
96594
227667
227668
96599
96600
227679
227690
489838
96631
227707
96641
227717
227719
96648
227723
96655
227735
96664
358807
358808
227738
96683
96696
96700
96701
96702
96709
489925
227783
96712
96713
96714
96715
96716
96717
358859
96721
96724
227800
358881
358893
96750
358895
358901
227832
358906
358907
358908
96767
358912
96769
96771
358922
358923
358924
358926
358927
227859
96793
227871
227877
358962
96821
96823
490039
96828
358980
358982
96846
359002
227932
227933
359010
96872
96876
359025
96882
359029
359031
96888
227964
227970
227973
227975
96906
96912
96920
96921
359070
227998
96935
96936
228012
359087
96944
359093
96951
228028
96958
359105
228034
359108
96966
228039
96973
96985
96987
228064
228066
96995
97001
228074
97006
359151
97008
359152
359154
359156
97020
97024
97029
228101
97030
97032
97033
97035
228108
228107
97038
97039
228109
359185
97044
97049
359195
490269
359204
359207
97073
228150
97082
490299
359228
97088
228161
97091
228165
359244
359245
359246
97108
97110
359255
228184
228194
228198
97128
228202
228203
228204
228205
97138
228216
97149
228221
359298
97159
359305
228238
228245
359325
228257
97187
97193
359344
97206
97211
228285
228290
359364
228293
228294
97225
359369
359373
97251
97252
97253
228326
228331
228339
359412
359413
97274
228355
97284
359429
228358
228366
359440
97306
228381
228384
97313
359459
359460
490538
97327
359471
97332
359483
97340
97341
97342
490564
97350
228424
97353
228426
97357
228432
97361
97365
359509
97367
359511
97370
228442
228445
228455
228465
97394
97395
97399
97400
97403
359549
97406
97415
97421
228496
97430
97432
97437
97447
97449
359611
490687
359622
97481
97482
305943
228558
359641
97513
97514
359660
97516
97519
97531
228606
97537
97547
97548
97549
490768
97559
97561
97562
228634
228635
228642
228647
228649
228650
97584
97586
228659
359732
97590
359736
97593
490809
97598
359746
490818
228676
97605
359749
97607
97609
97610
97614
228687
97618
228692
359767
97630
97632
359784
97643
359790
97648
97653
97657
359805
359807
228736
97666
97672
97683
97686
97690
97707
490928
279937
97716
97724
359870
359871
97732
97735
228813
97755
97762
97767
97770
97780
97784
97794
97795
359940
97797
97802
97805
228890
97819
97818
97829
97831
359982
359983
97844
97846
279965
360007
228941
97870
360022
97884
360029
360030
228967
228968
228970
97899
228973
97907
97909
97910
360055
97915
228987
97933
229005
229007
97936
97938
97942
97943
229031
97963
97975
360119
229056
97987
97989
97990
97991
491206
229065
97995
98008
98009
98010
229081
229087
229088
229094
98025
229097
98027
229105
229108
98039
229113
98048
229124
229125
360203
98060
360205
229134
98064
98065
98066
229138
98068
98069
98078
98079
229154
98085
98094
98096
98103
360249
98106
98109
229182
98115
98116
98117
98120
229194
98122
98125
98128
98130
98136
98138
360283
360284
360288
360292
229221
98162
360321
229254
360328
98184
360332
98193
360339
360341
98203
98205
98213
98219
360365
98221
98223
229296
229297
98232
229304
436350
98238
98242
360387
360389
98246
98248
98250
229328
360404
98262
360408
98271
98273
98277
229353
360429
98289
98293
98297
98301
98302
98303
229373
98306
98308
98327
98328
98335
98339
98344
98349
229425
98355
98357
98364
98368
98369
98370
98372
98377
229462
98398
98399
98404
360551
98412
98438
98439
98440
229518
360592
229526
98456
360603
360604
360605
360606
360612
229541
98477
98480
98482
360627
98486
229559
98487
98491
360638
98497
98498
98499
98502
98505
98507
229582
98514
98515
229594
98525
98532
98534
98536
229610
98539
229613
98544
98545
98548
98549
98551
98554
98557
98560
98566
98567
98568
229638
98571
98577
229650
98578
98581
98582
98586
360737
98596
229670
98604
98612
229693
98622
229702
98631
98632
229703
98635
98636
360784
98642
98644
98648
360799
360808
360809
360814
229757
229759
229809
360894
229839
360924
229878
492050
360994
98851
360998
98857
98864
98870
361018
361025
98886
492109
361042
229974
361050
98912
98914
361066
361069
98927
98932
361076
98948
492166
230029
98959
230031
98969
98984
230058
361131
361138
99002
361146
99004
99006
492223
99008
492224
361159
230095
361181
361183
99040
361205
492282
99069
99080
99095
230170
361243
99099
492317
99104
361249
230179
361251
230182
361257
361261
99119
361263
230206
230210
230211
230217
361292
230222
230232
230235
230246
99180
99188
99189
99194
230266
230273
230274
99210
230284
99220
99223
99224
230295
230301
99229
99234
99236
361380
99242
99247
99251
99258
99259
361403
99264
99272
99279
99283
230361
99313
99318
99319
99322
99324
230400
99329
99330
361475
99332
99339
230415
99343
99345
99351
230428
99356
99357
99361
230434
492577
230437
99367
99368
99370
99372
99374
99377
99379
99381
99389
99393
230471
492618
492621
99424
361571
99449
361597
361617
99479
99480
99495
361647
99513
230588
361664
361671
230605
230606
99536
99537
99543
99545
230628
361705
99567
99579
361733
99592
99599
99600
361745
361750
361751
230680
99608
361758
99627
361777
99642
230714
99648
99650
230722
230726
99657
230730
230731
99668
230743
99674
230762
99691
361841
99698
230779
361854
361866
99725
99729
99732
99738
99745
99749
230821
230823
361899
99758
99760
99762
230836
99767
99770
99771
230846
99774
493000
99785
230858
361931
99789
230864
230867
99802
99819
230896
99826
361980
99838
493059
99846
99847
361992
99850
99855
99859
99861
99863
99865
99875
99877
230950
99879
99880
99881
99883
99886
99895
99896
99898
99899
362045
362046
99904
99906
99909
230984
362057
362058
362056
99916
99919
99920
99922
231001
362077
99934
231009
231011
99946
231020
362092
362100
362107
362108
231038
99968
99977
493201
99987
362136
99993
99997
362141
362150
362151
100010
231082
362154
362155
100017
100024
362170
100032
362178
362180
100040
362185
100042
100046
100053
100057
362202
362203
100061
100063
493281
100067
362216
231145
362226
362227
100084
100085
100086
100088
362243
100100
362247
231176
100110
100113
100120
362267
362268
231216
231218
362291
362293
100152
100179
100185
231263
100196
493413
362343
100203
100205
100215
362363
100224
231298
362373
231304
231308
100239
100241
100243
100244
100246
100247
100250
100257
362409
493483
100270
100271
100272
100274
100275
362430
100287
100292
362439
362463
231392
100323
231401
100329
100333
362478
362481
100341
100351
100379
362538
362541
231472
100402
231474
493620
100409
362555
100412
100416
100420
362571
362579
362583
362584
362585
493655
100445
100450
100461
100463
362610
100467
100468
231540
362617
231562
100493
231565
362637
493711
231576
100526
100528
100529
100536
362682
100540
100541
100544
231616
231617
231625
362699
100556
362703
100568
100575
100589
362736
100594
100605
362758
362765
100632
100634
436827
100638
100656
100661
100666
362812
100669
100671
100681
100683
231762
362844
493922
362865
362876
231811
231812
362884
362886
100747
100770
100776
100783
100784
100788
100791
100794
100812
100813
100814
100818
100825
100829
100830
362974
100834
494058
362988
362991
363007
100866
100888
100894
100898
100900
231973
100910
363056
100914
100923
363093
363103
363105
232034
363114
100973
100975
232048
232047
232054
100983
363126
100986
101006
232078
363157
101013
232100
101029
101030
363178
363185
494264
101056
232137
232175
363264
101124
101125
101135
494368
494372
101173
101176
101179
101180
232254
101183
101190
363335
363343
101206
101209
363354
101217
101226
101230
101231
363383
101242
232320
232321
101266
101267
363413
232345
232351
101279
101281
101286
101288
101289
101293
363439
101297
101299
363444
101307
101308
101310
101315
101320
232393
363471
101330
363476
363478
363479
363480
101338
363482
363484
363483
101342
363486
232420
232422
101362
101363
101376
101382
101383
232462
101420
101422
232496
363579
101444
363607
363611
363618
101475
101482
232572
101501
101503
232578
101514
101519
101520
101529
363676
101533
232610
363683
101538
363689
363690
232625
101553
101557
101566
101576
101598
232672
232679
101609
363757
232711
232713
363790
101652
101653
101656
232728
232731
363805
363807
101665
363810
232739
101669
494886
494898
437036
363838
363841
363844
363846
101715
101718
232795
101724
363869
494942
101731
101733
101740
232817
363890
363889
101752
101760
101766
101772
363925
101783
232860
232862
101791
232866
101801
101803
101806
411010
363960
411011
363969
101838
437068
363992
101852
101858
101859
101860
101864
411020
232942
232943
437073
232947
101887
232959
101889
101892
101897
101904
364051
101908
101916
101917
364060
437083
364067
101929
364088
364089
411038
101956
364104
101965
411040
364111
101968
101970
364116
495193
364123
233063
364137
101995
101998
102000
102001
364153
102016
233088
364160
437103
102024
102026
102032
102034
102038
102039
233112
102041
102042
364183
102051
102053
437109
102055
102057
102078
102079
364223
102081
102082
102089
102091
233204
233208
102144
102146
102152
102155
233233
102161
364305
102165
233246
102178
364324
364327
102195
102197
102198
102199
102207
102222
102223
102227
102234
364379
102242
364387
102256
364410
364426
364427
102283
102286
102288
102289
364433
102290
102292
102293
102295
102304
102305
233383
102331
102337
233423
102358
102362
102363
233438
102368
233444
233451
102382
102384
233462
233466
364540
102406
102410
233487
233490
102419
102420
102428
102444
364594
102461
364615
233547
102488
102489
233564
102499
233574
102508
102517
102524
102526
102527
102533
102534
364684
102541
364689
364690
495766
233639
102580
364733
102596
102597
102622
102629
102630
102632
364781
102639
102640
102651
102661
233734
364810
364814
364830
102686
364833
364834
102691
102699
102707
364865
233795
102726
102732
233805
102740
102743
364902
102758
102764
233844
233851
102780
233863
102807
233880
102809
102812
102814
102831
233905
102841
233917
102851
46494
102855
102858
365002
102860
102862
102867
102870
102871
102873
365021
102878
102880
365037
102899
102901
365045
102909
102913
365065
102931
234004
102933
102935
102938
365083
102949
102959
102961
102969
365126
103008
103012
103014
496230
103028
365183
365187
365188
103048
234124
103066
103067
103073
234147
234149
365222
234155
103117
103119
103122
365267
365271
234200
234207
234212
103143
103161
103162
496378
103164
103166
103168
365323
103181
365329
103194
234266
365340
365339
103198
103199
103201
103202
103203
103204
103205
103210
234284
103212
103215
103216
103218
365371
365375
234305
103236
103243
103260
103265
365414
234356
365432
103299
103301
365447
234377
103307
365451
103314
103328
103332
103344
365491
103370
103378
103396
365544
103413
103418
103422
365566
103424
103425
103432
103433
103462
234546
103475
234555
103488
103489
234564
234567
103502
234584
103516
103528
103535
103539
365707
365709
103578
103590
103597
103600
103601
103605
103608
365753
103612
103613
365756
365762
103620
103621
103625
234701
103631
103635
103640
103657
103661
365805
103663
103667
103668
103672
103675
103678
103686
103688
103689
103690
103695
103698
103701
103706
103711
103713
103717
103731
103732
103734
103742
234815
103745
103747
103750
103752
103753
103758
103761
365909
103765
103777
234850
103785
234862
103793
234868
365942
103850
103851
365997
234931
366005
234937
366017
366018
103875
103894
366044
366045
366071
103927
103930
103934
366080
103938
103941
103947
103948
103953
103960
366104
103972
235044
235046
103973
366120
235055
366143
235078
235092
235093
366170
104034
104041
104043
104044
104062
104067
497288
104081
104083
235155
104086
104102
104103
366249
104106
104108
104109
366268
366269
104126
235199
235201
235208
104146
104150
104155
235239
104171
104172
104173
366316
104176
366324
104185
235260
104193
104194
235270
104211
104214
366363
104221
281232
104232
104237
104239
104241
104242
104244
104246
104250
104259
104261
104274
104275
104277
104285
104297
235373
104301
104304
497520
104306
497522
104308
104310
104317
104320
104325
104329
104334
104338
235412
235414
104343
235416
104354
366499
366502
104360
366505
366506
104364
104368
366514
104374
104376
104378
235450
104385
104391
104394
366548
366551
104407
104413
366564
366566
366568
104427
104430
104431
104433
104435
104439
104441
104442
104449
104458
104460
104462
104465
104466
104469
104471
104473
104474
104476
104477
104480
104485
366630
366631
366637
497713
366644
104501
497720
104505
497727
366656
104513
104515
235588
235589
104518
104522
104524
104528
104548
104549
366692
366696
497768
104556
104557
104559
235645
235662
366736
366742
104602
104606
104607
235679
235678
235683
366759
235690
366763
104621
235704
104634
235708
104638
366784
104644
104658
104659
104663
104674
104694
104696
104697
104700
104702
104704
366851
104709
104711
366860
104718
104720
366864
104729
104732
104739
366885
366887
104744
104752
366901
366902
104759
497984
104776
366924
235866
104810
366969
104831
366985
104846
104848
104852
104857
104858
235932
367006
104863
104871
104878
104896
367042
104902
367053
235984
104912
367066
104924
104927
104930
104931
104935
236007
104940
104945
236017
236018
104954
236028
236035
367108
104965
236041
104973
104974
236053
104989
104997
105001
367147
367153
105023
105024
498241
105033
105040
236112
105045
367196
367197
105056
105059
367206
105067
105070
367215
105073
105078
105079
105083
105085
105087
105091
105093
105095
105098
105103
105106
105109
105111
105113
105114
105120
105121
105130
367275
105133
105136
105139
105145
105148
105149
105151
105153
105156
105157
105158
105168
367326
105184
105210
105223
105231
105232
105235
105236
105240
236314
236317
105246
236324
105254
236329
367412
367416
105287
236368
105299
105304
498528
236387
105315
367462
236395
105325
236399
236414
105347
105348
367493
105351
105352
105368
367513
105371
367524
105381
498598
105383
105384
105388
367536
367538
105398
367544
105403
105404
105406
367551
105410
105419
105424
105433
498656
105441
105448
367596
105454
105465
236539
367613
105470
105483
236570
105503
105506
105509
105510
236583
105526
105528
105529
105531
105536
105537
105538
105539
105545
105548
105549
105551
105552
105554
105561
105567
105572
105576
105583
105584
236655
105586
367732
236661
367735
105593
105616
236696
367769
105627
236713
367795
105659
105660
236735
105663
236737
105667
236742
367816
105672
105676
236751
105680
105687
105693
105697
105701
105702
105703
367849
105711
236786
105734
236808
367882
105757
105759
105760
105762
105763
105766
105768
105770
105772
105778
105781
105795
236873
367966
105827
105829
105833
105837
105840
105843
105848
105850
105853
367997
367999
105859
105860
105861
105862
368006
105864
236933
105866
105869
105882
105883
105884
105885
368031
105891
105902
105906
368051
105913
105915
105927
499155
105942
499159
105952
368103
105965
499186
105972
105978
105980
105981
105983
368128
105989
105991
106006
106016
106017
106020
106021
106042
106044
106046
106049
106060
237139
499285
106070
237156
368239
106096
106095
106098
237171
106100
106097
106109
106112
106113
368256
237187
106124
237200
106129
237202
106131
237205
106134
106135
106136
106139
237214
106143
106155
106166
106176
368330
106194
368342
106199
106219
106222
106223
106224
106228
106230
237303
106238
106239
106254
106256
106259
237334
106268
106280
106296
106326
106328
237403
106337
106344
106348
237422
106355
106357
106358
237433
106380
106394
106402
106406
106414
106417
106432
237506
106446
368596
106474
368620
237549
106495
106505
237584
106513
106515
368663
106523
151430
106537
106538
106541
237614
106546
106573
106591
106599
237672
106605
106618
106622
106623
106629
106635
237709
237710
106646
237725
106669
237741
106671
237747
106678
106679
106682
237756
106685
368835
106717
237791
237796
237799
106729
237808
106739
237811
106742
106747
106770
237854
368926
368940
106796
368942
106807
368955
106813
106821
106822
106823
106824
106825
106826
106828
106833
106837
237909
106845
106848
368993
237925
368999
106863
106867
369019
106876
106882
237957
106887
237960
369032
369033
106896
369052
106908
369054
237983
369057
369058
369059
106919
369065
106922
238008
177564
238010
106944
106968
106970
369138
238067
107002
107007
238079
238090
238091
107019
369165
238095
369168
107028
107030
107034
107035
107039
369192
107052
107053
107054
238124
107056
500268
369202
107065
107068
107073
107076
107081
369228
369230
107092
369237
107094
107096
107097
238169
107100
369245
107104
238177
238185
107116
107122
238196
238201
238203
238204
238206
238215
107146
238222
369299
369300
238240
238241
107170
238246
238247
238250
107181
238255
107184
369336
107193
107203
107215
369362
369363
369364
369366
107228
369373
238302
107231
238304
238307
107235
107239
107246
107248
107250
107255
107257
107262
369406
107282
107285
238358
107287
238362
238365
238367
238368
369443
369444
238378
107308
107315
107319
107321
107325
238398
107327
107328
238399
107331
107333
107335
107352
107355
107357
238436
238442
369524
238456
238458
107387
107391
107393
238475
238478
107406
107412
107413
107414
369557
500634
107420
369567
107426
107427
107438
107443
107444
107445
369594
238529
369603
369605
500699
107486
238561
107499
107509
107511
238589
238593
369665
107525
238603
238610
238611
238615
238616
107548
238623
369697
369698
238628
238636
107569
107587
107589
107592
107593
107596
107605
107612
107625
369769
369770
369776
238705
369778
238708
107637
238710
107639
238712
238713
107641
238724
369796
107661
107662
500879
238737
107667
238748
238749
107678
369820
369821
107682
238760
369834
107693
107705
238781
107709
238792
369875
238810
238811
369883
369885
107743
107745
369894
107753
107767
369914
107774
107775
238850
107779
107781
107793
238869
412201
107808
107811
107812
412202
412203
412204
107828
107837
107846
238923
107852
238925
238929
107874
107876
238952
107882
107885
238985
107916
238997
107928
107929
107934
107937
107938
107942
107946
239018
239019
239030
239033
107966
107973
107976
107983
239056
107985
107992
107999
108000
108003
370152
108010
108012
108017
239091
108021
370168
239103
370178
108039
108048
239123
108055
108059
370203
108061
108063
370213
239155
370234
108091
108101
239180
108110
370260
370264
370272
108147
370291
108155
239228
370301
108176
108177
108179
108181
108200
108204
108209
108211
108213
108217
108220
108222
108224
108227
108228
108232
108237
370382
370381
108241
108245
108246
108251
108256
239329
108257
108259
108266
108267
108270
239350
108282
108295
239368
239367
108302
108309
108312
239386
412302
108316
108319
370464
108322
239395
108331
108337
108345
108346
239417
108348
239423
108352
108353
108354
108365
370524
108387
108391
108401
370545
108406
108419
370567
239498
108432
108435
108437
239513
239519
108450
239523
239529
239534
239536
108476
239553
370628
239562
239563
239566
239568
239571
239573
108506
108507
108512
108513
370662
370663
370664
370665
108518
108523
108530
239604
239605
108534
108535
108540
370687
370690
239619
108548
239623
108553
239628
108564
108568
108574
239650
370725
108582
108586
370741
239678
370755
412361
108614
370765
108632
177901
108634
239706
108639
108646
108648
108664
108665
108668
108677
108688
370835
108705
239783
370862
108723
370870
239798
239801
239804
108743
370902
108758
108762
239845
239853
108786
108789
108794
108798
239877
108808
108812
370964
108822
108827
239900
370978
108835
108843
108844
108852
371003
371007
108869
371015
108875
108886
108890
371042
108904
502122
108917
108923
108930
108933
371082
371084
108949
108950
502166
108954
108969
108972
240048
240050
108994
109001
109008
371153
109014
109016
109018
109020
109028
371181
109048
109074
109080
240154
109088
109089
109091
109097
109099
502315
109101
109102
240177
371250
109109
109116
109122
109125
109133
109161
109170
109174
109175
109176
240260
240268
109197
109203
371347
502426
109212
109213
109216
109221
109235
109239
109251
240327
109258
109259
109261
240334
109262
109264
502483
240341
109279
502496
109298
371442
109299
109301
371446
371445
371447
371449
109300
371451
109314
371459
109316
371462
371463
371464
371465
109323
109325
109326
109329
109333
109335
109337
109340
371492
109354
109355
371507
109368
109379
109380
109383
109391
109398
502616
240478
109408
109410
240483
109414
109416
109417
109418
371560
240491
109421
109424
109425
109428
240501
109431
109435
240510
109439
109441
109443
109445
109451
109453
109455
109456
109459
109463
371608
109466
109472
109477
109478
109479
109481
109491
240566
371638
109500
371645
371647
240581
240584
109513
371656
109516
109520
240594
240607
109535
109537
109539
371690
371695
109552
109551
240625
240628
109560
240634
240636
371718
109578
109581
109584
109587
371738
371741
371743
109600
240679
240681
109610
109614
240704
109632
371778
109636
109640
240723
502875
240733
371806
240737
109667
109669
109671
240745
371818
109689
109690
371833
109695
109711
371859
109716
240789
371865
240820
109752
371899
240832
109774
371921
109778
412594
109797
371942
240881
240900
240906
109835
240907
240913
109841
109843
240916
240926
109861
109863
109881
109886
109887
109890
109891
109894
240968
109898
109900
109907
240982
109912
109913
372058
109916
240992
109930
241004
109933
109944
109949
109962
372113
109970
109979
241058
109991
241070
241071
110001
241081
110029
372174
110040
241140
110080
372226
372234
241170
241174
110112
241186
110115
110116
110122
241196
110130
110131
241206
241207
110139
110143
372288
110146
241225
372297
110156
110160
241239
110168
372315
241251
241254
241257
241258
241259
241261
372343
372345
110202
110204
503420
372355
241295
110227
241302
334532
110253
503475
110260
110261
110265
372411
241346
110282
110283
372429
110299
503517
241374
110306
110312
241388
110323
241396
110327
110336
372481
110345
372490
110351
241428
241432
110367
110372
241448
372523
110381
110390
110392
110393
110395
110396
110398
110402
110404
241477
110410
241483
110412
110415
110416
110419
110420
241497
110428
241501
110431
110433
110447
110457
110465
110468
110479
241552
110480
241554
241553
241557
110486
372631
241562
110490
372640
241573
110502
241574
110501
110513
241593
110525
110528
110538
110540
110545
241618
372691
241620
110548
241619
110549
110552
110553
110555
241639
110568
372711
110573
241656
110588
110598
110603
110608
372754
110612
110614
241693
503838
110624
110628
110631
110643
372789
110650
110661
503877
110666
241739
110669
110670
110671
110674
372821
241754
110689
372835
110692
241763
241769
241771
110703
110713
503936
241794
241797
241804
110733
372883
110754
110760
110761
241842
241843
110775
241848
110777
110779
241855
372931
110790
241863
241868
372946
110803
241882
241885
110819
110823
241896
372979
372981
110838
372985
110843
110850
110851
241927
241928
241930
241934
241939
241944
241953
241958
110887
241968
110898
110899
110903
110909
241982
110919
110920
110924
241999
373072
110938
504159
242022
110956
504173
110958
242033
110965
504181
242042
242043
110972
242049
110980
242059
110989
110992
242065
242076
242083
111014
242088
111017
242090
111019
242093
111022
242095
111024
242097
111027
242102
111031
373180
111037
111042
111043
242115
373194
373200
242131
111066
111071
111083
242161
111098
111100
111103
373247
111109
111114
111118
242203
111132
111147
111149
373302
242240
111170
373314
111172
111173
111174
373321
111188
111190
242262
242264
111194
373348
373349
111208
373355
242289
111232
111237
242310
111248
373397
242332
111261
242354
373441
373442
111302
111304
111305
242378
111307
242376
373451
111310
242382
373453
111306
111312
111315
111316
111317
111323
111326
373471
373472
373473
373476
111332
111335
373479
373481
373480
242409
111344
111359
111363
111367
242441
373514
242444
111375
242452
242454
242458
242459
111390
242466
111397
111398
373541
373546
242475
111421
111423
373569
242499
373579
111440
242512
111443
111449
111457
111459
111460
111461
111463
111464
111469
111470
111473
242546
111477
111479
242551
111480
242554
242555
242564
111492
111499
242575
111509
242582
242606
242618
242621
242628
242629
242631
111561
111570
111572
242648
111577
111582
242667
242675
373748
111605
111607
242680
242683
373757
111623
373768
111625
373770
111642
111650
111662
242737
111667
111678
111683
242758
373838
111697
373841
111708
111718
242792
111732
373878
373889
111747
111749
111750
111752
242828
111759
242835
111765
111771
373922
504997
111794
111815
111831
373976
242906
111836
111839
373985
242920
111849
242922
111853
111854
374003
111868
374021
374023
111883
111901
374052
111910
111913
111919
505159
111949
243026
111955
505175
111960
111969
111974
111975
111981
505199
243059
111988
374142
112007
112023
374173
374174
112033
112044
243120
112049
112058
374205
112067
112072
112080
112083
374229
112087
374232
112090
112092
374251
112119
112130
505357
112141
243226
112161
243233
112162
112198
112200
112205
243279
374356
112220
112234
243306
243312
112244
112257
112265
505481
374416
243352
374427
112284
112283
112293
374440
505513
112304
374452
374458
374460
374461
374464
374465
112323
505542
374471
112328
374473
374475
112336
243416
112346
112355
505579
243442
374515
112383
243462
374541
243473
112408
374564
112422
112427
374589
374591
112448
374593
374594
112454
243526
112456
374603
112460
374606
374607
243534
374609
374614
374617
374618
112481
112485
243565
243568
112499
112501
112503
112518
112524
112525
374671
243599
112531
374698
112558
243636
112567
112570
112572
112575
374720
243664
243666
374739
112601
243683
243684
243688
112618
243691
374764
112630
112631
112633
112648
112649
112655
112671
112672
112674
112675
112678
243752
112687
243764
112698
112699
112700
112705
112708
112710
243794
112722
112728
112731
112735
112739
374883
112756
243831
112767
243840
243856
243860
243881
243884
112822
112823
374987
243919
506072
243934
243938
243940
375012
112878
112882
243956
112885
244001
112931
112937
375082
112942
112947
112949
112951
375098
244027
112961
112963
112973
244045
244046
244048
244049
112991
244063
112999
113003
113012
506235
113021
375167
375170
113038
375183
113040
244114
244115
244117
375199
375207
244145
244151
113080
113082
375232
113091
244165
113096
113097
113103
375262
113119
244201
113130
113132
113137
113144
244217
375290
244219
113148
113154
375298
113158
244237
375315
113175
113178
375327
244260
113190
244264
113194
244267
244268
375343
375345
113208
113209
113210
375355
375356
113213
113214
113215
113217
113219
375366
113225
113234
113236
113237
375384
244316
113255
244331
113262
244336
113271
113273
113279
113284
113286
113290
113294
113300
113321
113329
244403
113332
113335
113337
244418
113347
244420
244422
113362
375509
113369
113374
244447
113377
244449
113382
375527
244458
113388
113391
113416
375572
375573
113432
244506
244509
244517
375599
113456
113458
244532
244534
244536
113464
244539
113479
375625
244562
244563
244575
244580
113523
113525
375676
113534
244610
506767
244636
113582
375729
375732
113595
113597
375742
375746
375755
244688
244698
113629
113638
375784
113641
113649
375794
113653
375798
113655
113660
113670
244743
244761
113693
244772
113700
244776
244783
244786
375867
375868
375872
244801
244806
113737
113739
113743
113752
375898
113757
244836
375909
244838
244839
113776
113777
244852
113781
113782
113787
113788
22616
375950
113814
113823
113824
113832
113841
113843
375989
113850
376003
376004
113882
376026
244956
244971
376047
113905
113916
113921
245003
507149
113936
245010
113939
245013
376088
245017
113947
245019
113951
245025
113958
245051
376134
245072
245073
114003
114006
114013
114018
376166
114030
114033
376188
114046
114047
114051
114060
114065
114077
114079
114081
114083
376228
245158
114089
376233
376234
114090
376237
376236
114096
245169
245168
245175
114104
114108
376252
245184
376257
376256
114116
376261
376263
376280
114145
376290
114146
376292
114150
114155
245233
114162
376311
376314
114172
114174
114184
245260
114189
245268
376358
114221
245305
114242
376386
376387
376389
114246
376391
376390
376394
114251
245324
114255
114257
376424
114281
376426
114284
114285
114286
376440
114299
114302
376453
245394
114322
114324
114333
376482
114348
376494
114354
376501
376502
114359
114370
376515
114372
114371
245446
114377
376523
114384
376530
114388
114390
376534
114392
114394
376538
376540
376543
245473
376548
114405
376549
376553
114412
376565
114423
376570
114426
114427
376576
376579
376581
114438
376582
114444
245527
245536
114464
114471
114499
114503
376651
245580
114513
376658
376659
114516
245589
376660
507729
114521
245597
114538
114542
245614
245622
245627
114562
114564
114570
376716
114591
114594
114606
114609
245685
114614
114618
114620
245692
114626
245698
245700
245703
245706
114635
114638
114644
114645
114661
245739
376812
114674
114677
114678
114685
245775
376847
114718
114719
245792
376866
376867
376869
114726
114730
114734
114735
114740
114744
114746
114750
245838
245844
376916
245846
114776
114779
245855
114784
245859
114790
376934
376951
245891
376972
245906
245909
114838
245913
245916
245917
114872
114875
114887
114888
245963
245973
245976
245984
114922
114931
246006
246011
114941
246013
114953
114955
114961
114962
114975
246049
114982
114994
377150
377151
246080
377154
377158
115023
377169
377170
115042
115046
377196
115054
246127
377200
246133
377206
115064
377210
377213
115082
115084
115108
115109
115111
377263
377264
377267
115124
377271
377273
377274
377275
115132
246205
377276
377278
115131
377279
377287
246218
377290
115150
115153
115162
246241
246252
115187
115199
377357
115214
377362
246292
115223
246299
115232
246304
246308
115238
115239
115241
246320
115260
377411
115276
115283
246355
377428
246358
377431
377432
115287
115290
115301
377446
377447
377448
115306
377452
246381
115317
377462
246400
246403
115332
246415
246417
115348
377492
246422
115353
246438
377516
115373
115376
246449
115383
115384
246457
115386
115397
508613
115400
115403
246488
377565
115425
115428
508648
115442
377587
115446
115448
115451
115454
115463
115470
115520
246594
246598
115537
115547
377691
115549
115553
246630
115558
115565
115572
246654
246655
115596
377757
115616
115625
115626
115639
246719
115647
508864
246722
377799
115656
115655
115665
115666
246741
246743
246749
377823
377847
115706
377852
377853
246780
115711
115712
508933
377862
115738
377897
246829
115782
115784
115786
246860
115788
246869
246871
246874
246875
115810
246882
115821
115830
115834
377985
246916
246917
115871
115872
115873
378017
378018
115874
115877
115878
115881
115889
115890
115893
115894
115895
115896
115903
115905
115909
378064
115929
115931
378084
378087
378092
378108
115964
378111
115972
378137
116008
116014
247112
378195
247124
378200
116065
378221
378227
247158
378236
116094
247182
378256
378263
116138
247218
116146
116149
116155
116160
116167
378320
116185
116190
378334
116194
378348
378350
247280
116212
116213
116214
247290
116227
378373
116231
116232
378379
116236
378381
378385
116248
509470
247354
378435
378441
378446
116303
116306
378450
116312
116318
116323
116327
378477
378480
116336
378483
116340
378485
247414
116345
116351
116356
378503
378505
247434
247436
247437
116373
247446
247447
116377
247451
116379
116385
378559
247488
378570
247500
116432
247504
116437
116439
116445
116463
378607
116466
378613
116475
378631
116488
116494
116495
116500
116514
116521
247601
247602
247604
247607
247614
116544
378696
116554
116569
247645
116580
116581
247667
116609
116613
116614
247691
116626
116639
378790
116647
247720
116649
378813
247749
116683
116690
116698
247773
247777
247780
116711
116712
116714
247787
509934
116719
247793
116723
247798
116727
116733
116736
378882
116741
116745
116746
116751
116753
378900
116760
116762
116764
116767
247845
378918
116780
116789
116800
378944
116811
510030
116835
116844
116846
378991
116849
116857
510073
379008
379019
247951
247954
247958
247963
116901
116904
379058
248001
116970
116973
116977
116979
116981
116982
116983
248057
116986
116988
116989
116991
116997
117001
117004
379149
117007
248087
117023
117024
117026
117034
117036
117038
117044
117046
248119
117055
117058
440094
379216
379220
379238
117098
117099
117102
117120
117129
379275
248211
248212
117142
117144
379291
248223
379297
379300
248231
117164
117167
117168
117179
379335
248268
117207
117209
117211
117212
117213
379371
248301
117233
117239
117241
379387
379388
117251
117258
117259
117262
117263
117266
117269
117278
440136
379441
248376
248379
248380
248384
117316
248390
117319
117337
117340
117341
117342
117343
248417
117345
248424
248426
379500
379508
117375
117393
117394
248469
117401
117404
117406
117407
117410
117412
117422
117424
117426
117428
248503
248507
117435
248513
117452
117457
117467
248543
117472
379617
117478
117479
248553
117483
248559
248561
117493
117495
117500
248574
248576
117506
117509
117510
117512
117514
117520
248592
117530
117531
248611
248616
117550
117553
379700
248633
117565
248639
117567
117569
248643
117581
117592
248669
117602
248688
248690
117618
248694
248698
117629
248705
248706
379779
248710
117649
248741
248747
117678
117680
248757
379835
117700
248774
248780
248781
117730
248808
117746
117751
248833
117767
117773
117781
379925
117790
248870
117800
379959
248888
117820
379990
379992
248921
379998
117856
248933
248934
117863
380007
117869
380013
117876
117878
117890
117899
117900
117904
117905
117906
117913
380058
380057
380061
117923
380075
249012
117942
249021
117959
117963
380111
117969
117970
117974
380121
117978
380124
117984
249057
117992
249070
117999
249072
249075
118009
118011
118014
118015
118017
118026
118051
118052
118059
249134
118065
118075
249153
380225
118083
118088
249164
118098
118099
249170
380254
118111
118116
118121
249195
118131
118134
380282
118139
118141
118142
118144
118145
118150
118153
118154
118155
249233
118180
249260
249264
249266
118195
118204
380372
249306
249307
118236
118245
118251
118255
118257
249333
118264
249347
249348
118283
249358
118289
118293
380438
249368
118300
380464
118320
249397
118328
118337
118340
118379
118381
249457
118390
118397
118406
118408
118412
380565
118427
118430
118439
118443
118444
118446
380592
118451
118452
380620
380622
380623
118490
249567
118497
118517
118533
118534
118536
118549
380694
118553
380699
118557
249633
118570
118575
118576
118580
118583
380731
249660
380734
249677
380754
118612
249688
118617
380762
118624
380771
118628
249703
118632
118635
118636
249709
118640
249719
118653
118658
380808
380810
249753
118690
380841
118697
249772
380856
118716
380864
249799
118727
118731
118732
380879
249809
118751
118758
118760
118761
118762
249846
380925
118788
118792
118794
118802
118809
249882
249897
249914
249916
249923
249931
249934
381008
381009
381011
118869
381015
118872
381017
381018
381019
118876
381021
381020
381024
381026
118883
381028
118887
381032
118889
381034
381033
381040
249969
381041
381043
249972
381044
381046
381045
118900
118910
118911
381054
381058
118915
381063
381064
118922
381066
249994
381069
381070
381071
381073
118931
381075
118936
381080
381081
118939
512153
381086
118943
118946
381090
118948
381092
118952
118953
381096
118955
118957
250029
118961
118962
381108
118984
118991
118993
250066
118998
119001
119003
381149
119006
119010
250093
250096
381170
250114
250117
250124
119052
250134
250155
119094
119102
119103
381255
250184
250188
381276
381277
381283
381284
381288
381289
250219
250225
381298
250230
250235
119169
119170
119172
381318
250251
119183
119193
119197
381341
250275
381347
250278
381353
381356
119213
119229
381374
250312
119252
119255
119256
250329
250332
119261
119273
381418
250349
119278
119283
119288
119290
119292
250374
250376
381449
119313
250388
119321
119327
119339
119353
119356
119360
381505
250434
119363
119364
381507
119374
381518
381525
119402
250477
119409
119425
119429
119430
250503
119433
119446
381590
119450
119457
250535
250538
381615
119471
250546
119478
119482
250556
250558
250563
250572
381645
250574
250577
250578
381649
119525
381670
250608
119540
381685
381691
250622
250624
250625
119552
119561
381707
119564
250638
119569
250643
119571
119573
119575
381719
250650
250651
381722
250653
381725
250657
250658
119586
250660
119592
119593
250666
250665
250668
381737
250671
250686
119616
119617
119623
381767
250700
119632
250705
119634
119637
119645
250719
381803
250734
250745
119675
250756
119687
250761
250766
119694
250769
119698
250777
250784
250798
250802
250809
250810
119738
119742
381890
250833
119764
119769
250852
381935
250865
250868
119801
250886
119816
381961
119819
119820
250895
119826
250902
119838
119840
250919
119855
119864
119881
119884
250959
119892
250974
119905
119907
119914
119916
250989
119926
119928
382079
251016
119944
251028
251053
382125
382127
119984
382143
251082
382155
120021
382170
120030
120055
382200
382202
382207
120068
382212
382217
382220
120077
120085
120099
120101
120109
120112
251184
120115
120121
120122
251197
382272
120129
120143
251220
120149
382297
251227
251232
251241
120172
382322
251258
251260
120194
251281
251287
120232
251305
120238
120239
120240
120241
120247
251321
120250
120249
382399
120259
120268
120271
251350
120280
120292
382436
251367
251369
120303
382455
382467
120328
382474
382475
251406
251419
251421
251425
120357
382501
382503
120360
251430
382509
251439
382511
382512
120370
382517
382518
382523
120386
251458
120393
251471
251481
120416
251489
382563
382581
251516
382589
382591
382593
382595
251524
382597
382598
120457
382602
120467
382614
251544
120475
120477
120478
120481
251555
120488
120497
251577
120506
382651
120509
382653
251584
120515
120518
120520
120522
120528
120529
120539
251619
251626
120555
251630
120581
382725
120587
120588
120589
251671
120600
120605
382750
382751
382754
120615
120624
120632
120637
251709
120653
120657
251732
251736
120664
120672
120673
120676
120683
120694
251768
251783
120713
251797
120729
382873
251803
382883
120747
382892
382899
120757
382906
251837
382913
120773
414779
251850
120777
251852
120785
120798
120801
120802
382951
382962
120821
120828
120831
120833
120834
120835
120837
120843
120844
120847
120850
382995
120854
383001
120862
120872
120885
120892
251981
251987
383064
251994
120922
120932
120933
120942
252028
120961
252034
120972
120977
383121
252059
120990
120995
252067
383140
120998
121001
252073
121003
383146
121006
121011
121013
121015
121018
121020
252096
252102
121030
121036
121038
121043
121052
121053
252127
383200
252143
121071
252144
121074
383216
121088
121091
252164
252171
252178
383254
383255
383256
121113
121111
252189
121128
252201
121135
121138
121147
252221
121161
121170
121173
121179
252262
121197
121200
121206
121210
383367
121230
121232
121234
121238
121245
121250
252328
121259
252360
121301
252377
121314
252391
121329
252406
252407
121342
121351
121354
121357
121358
252431
121369
121372
121379
383524
252453
383526
440952
383535
383538
121401
252476
440957
383559
383567
252511
252512
383585
252520
121455
252529
121462
121464
121471
383618
121477
252552
121491
121493
121498
121510
121513
121516
121518
121520
252596
121530
252607
383682
121539
252622
121550
252623
121555
383703
121560
252637
383709
121572
121573
121576
121578
121580
383725
121597
121598
383743
121602
252674
121604
121606
252680
252682
121611
121615
121620
252696
121632
121636
252709
252711
121640
383785
121642
252714
383788
252721
252724
121652
121655
121662
252735
383807
383809
121667
121674
252746
121676
121677
121688
121695
252773
121702
121703
121707
121716
121725
383869
121727
121734
121738
121740
121743
252822
121750
121754
252830
121759
252838
252841
383914
252845
252849
252853
252854
121789
121791
121793
121801
252874
252886
252888
252890
121822
121823
121824
252894
121826
252895
121828
121830
121831
121835
121842
252916
252917
121848
121856
121869
121870
121872
121873
121875
384021
121879
252952
252954
252956
121888
121890
384036
252965
121895
121899
121901
121903
252981
252990
121923
121927
121929
121940
121942
121945
253020
384099
121959
384111
121969
253046
121975
121983
121986
121992
253065
121995
121998
253072
253074
384160
122019
253105
122036
253112
253116
122044
122047
253120
384205
253134
384219
384220
253150
122081
253154
122083
253155
122088
122089
253161
384237
384243
384254
384262
253192
122126
122134
384289
122160
253232
253235
253239
384316
253250
253253
253254
253255
253256
253257
253258
253261
122190
253262
122192
253263
253266
253267
253270
122198
253272
253273
253277
253279
253282
253283
253284
253285
253286
253287
253290
253291
253292
122221
253295
253296
253297
384371
122229
253302
253303
253304
384373
253306
253307
253301
253309
253310
253311
253312
253315
253318
122252
253331
253332
253333
253336
253337
253339
122268
122270
122271
253344
253343
253347
253350
253353
122289
122291
122293
253376
253377
384450
384452
122320
253395
122325
122326
122331
253406
253412
122341
253414
384487
253418
122348
122353
122356
122368
122369
253442
253445
384521
253450
253451
253454
253473
384545
253484
253490
384573
122435
384581
384582
384583
384594
253532
253533
122466
122471
122473
122479
122487
384641
253578
122515
384664
122525
384669
384673
384680
384682
122539
384683
253612
253616
122544
253622
253626
253632
253639
384726
384727
384737
122594
384748
253686
253687
122619
253702
122641
384798
253728
122662
122677
384832
384841
122698
384845
253775
122708
122709
122710
253788
253794
253800
253802
122733
253808
122741
253817
122750
122751
384894
122753
253837
122767
384912
384913
253849
253851
122787
253859
253865
122794
384940
122800
253876
122805
253899
122830
122832
253914
122843
122845
122857
253944
122884
253959
385031
122894
122895
122906
253980
122917
122926
122928
122930
254003
254005
254007
122937
254010
254011
254023
254024
122959
385114
122973
254047
122982
122987
385137
123005
385174
123047
123049
254123
123053
254126
123056
254128
254138
123067
254139
254141
123070
254143
123074
123075
254154
385232
123092
254166
254167
254170
254172
123103
123105
123107
123109
254188
385261
254191
254193
254194
254200
254201
385305
385309
385317
385320
123182
254258
254259
123186
254261
385332
254268
254277
123206
123212
123224
254298
385371
385372
254299
254302
123229
123235
385379
254309
254311
385383
254313
123243
385390
254320
254321
254323
385397
123261
123271
123277
123279
123283
254360
123292
123295
254375
123320
123334
254406
123337
254420
123354
123359
123360
254435
123366
254439
254446
123375
123377
123389
254464
123398
254470
254472
254473
254474
123404
123406
254479
254489
254493
254502
123432
385581
123439
385585
123452
254526
254575
123505
254578
254582
385654
123513
254611
123553
123561
385722
123581
254661
254664
385736
385738
385737
123592
123598
254672
123601
385750
254679
385753
123610
123611
385754
385755
123615
385761
123619
123620
123623
123628
123629
254712
254719
254721
254725
123655
385805
254736
123665
254738
123678
123680
123690
123691
254772
123701
254775
123707
123712
123723
123728
254800
123730
123742
123755
123757
123763
123770
123772
123777
123778
123782
123787
385933
254866
254869
385955
385962
123819
123825
254902
254904
123833
254905
385986
254918
123846
123858
254936
123868
123879
254952
254967
123897
123906
123938
123940
123949
386100
123961
123964
123969
123979
386123
386128
255072
124003
124007
124013
255086
124019
124026
386172
124029
124042
124054
124057
124058
124067
124069
124071
124073
124074
124080
124083
124085
255157
124088
255160
124091
124096
124097
124101
124108
124111
124115
124117
124122
124124
255198
124132
124134
124135
124167
124169
124177
255253
255262
124198
124202
255278
255280
124210
124217
124218
255295
255298
124227
124250
255324
255343
255346
124277
255353
386427
255358
124294
124296
124298
124304
124306
124310
255384
124315
255388
255391
255396
124326
386472
255401
124352
386501
255449
255450
124381
255456
255459
124391
124392
124393
124395
124400
255476
124414
255491
124423
255496
124428
124429
124439
255511
255528
124459
124460
124461
255533
255540
124470
124471
124472
255546
124475
255548
386623
124480
255552
255554
124484
124501
255573
255575
255576
124504
124505
386654
124517
386661
124521
124523
124524
124527
124529
255620
386696
255627
124557
255635
124571
255647
124581
124582
255656
255661
124597
386743
255673
255674
124606
124611
124613
124614
255685
124617
124619
255692
124623
386768
124625
124626
124630
124632
124633
124636
255709
124639
124642
255715
124645
255718
255733
124668
255746
124676
255748
124680
386826
386827
255756
386830
386831
386835
255772
255774
255775
124709
255784
124721
124723
255798
124729
255802
255808
386880
255816
386891
255822
255824
124762
255837
255843
255846
255869
124807
255885
255890
124821
255898
124829
255905
124834
255906
124837
124839
255913
124843
124847
124851
124853
124857
255940
255948
387042
124902
124905
255979
387054
255982
256011
256021
256030
124963
256040
256044
124972
124975
124979
124980
256057
124993
124994
124998
256092
125021
256094
125025
256102
256103
256106
125034
256108
256109
125039
256118
256122
125052
125077
256153
125087
125093
125094
256166
125096
125099
125103
125105
387252
125114
125123
125124
256196
125129
125138
125141
125148
256222
125154
125157
125161
125164
125171
256273
256274
256277
256283
125217
125229
125232
125233
256306
256311
256314
256316
125249
387398
387399
256328
125257
125263
125264
256342
125271
256347
125276
387426
256356
125300
387444
125302
256375
125305
256382
256383
125310
125313
125316
125317
256392
256396
125331
125337
125344
256418
256421
125360
125374
125386
125395
387542
256474
256476
125405
125409
125413
125414
387558
256503
125447
256520
387592
125464
256536
256546
256561
125490
256562
125493
125495
256569
125498
125506
125509
125510
125513
256591
125520
125521
125522
256598
125527
125531
256608
125537
125540
125541
125548
125550
125553
387700
125558
125572
125578
125582
256654
125587
125607
256679
256687
256690
125619
125623
387773
387801
387805
256735
125666
256740
125672
125673
256756
125695
125696
256771
125700
387845
125705
125707
256779
125709
125717
125727
125736
125742
387886
387889
125749
387893
125751
125754
387898
125759
125762
256835
125764
256836
256837
125769
125784
387929
387938
125795
387940
256876
125806
387952
387953
387956
387957
256885
125835
256907
256912
256913
125842
125843
256916
256917
256921
256924
387999
125858
256930
125873
125874
125882
256959
256961
125889
125891
256962
125893
256967
256969
256979
125911
388055
256995
125926
257000
257001
257004
257006
125936
125943
388088
125945
125946
125948
125949
388092
125952
257024
257026
125958
257031
125960
257039
257044
257050
257059
125990
126004
257081
257084
257087
126016
257088
126018
257091
257093
126022
257095
126031
257109
126043
257116
257117
388191
388192
257126
388202
257131
388204
257134
126076
126081
126083
257160
126090
388235
388237
388243
126104
257176
126108
388256
126117
126122
126124
257198
126127
257200
388273
126128
126132
257206
126136
257211
126140
126141
257214
126143
126148
126152
257237
257238
126172
257245
257249
257253
126181
126186
257258
388333
257261
388340
388347
126204
257279
126208
126219
257291
257296
126227
257302
126234
126238
257315
126250
388399
388403
126259
257331
126265
388410
257343
257344
257345
257347
126277
126278
257365
388440
126300
126302
257377
126306
257379
126313
126314
126315
126318
126321
126323
388468
126325
126331
257403
257407
126337
388481
257439
257440
257441
257442
257444
257445
126374
257447
126376
257448
257450
257451
126377
257454
257472
126402
126413
126415
257487
126418
126420
126421
126423
126432
126433
388586
257521
257534
126464
257537
126480
388624
126489
257563
126493
257568
257574
257578
126509
126516
126517
257593
126526
257600
257604
257605
257608
257614
257618
126550
257623
257627
126555
126560
126563
257648
126596
257668
388751
126610
388757
257688
388764
257698
257716
126644
388791
257734
126692
126706
126712
257785
257789
388862
257795
126729
126732
126757
126759
126760
257831
388903
388907
126766
388910
126777
126781
257867
126797
257874
126816
126821
126826
126832
257907
257912
126841
126846
257925
126853
126856
257932
126862
126863
389015
257947
126879
126881
126883
126889
126891
126900
389044
257974
257975
389053
126919
126922
126925
126927
126929
126930
258002
126934
126947
126951
126954
258026
126958
258034
126963
126962
258037
389109
258040
126969
389115
258049
126996
258070
258075
258086
127016
127017
127021
127026
258099
258100
389180
127040
258113
389187
258116
127064
258147
127088
127092
127094
127097
127098
127102
127105
389260
258200
389272
258210
127142
127144
127146
127148
389292
127150
258227
258230
258236
127172
258251
389323
258253
258255
127186
258284
389365
127224
258305
127236
127239
127246
258322
127257
127259
127275
258353
389425
389427
258357
258358
127286
258360
258363
258369
127304
258384
127320
127323
127326
127329
258410
258427
127361
258435
127363
258436
127367
127369
127370
127372
127373
127375
258450
127380
127391
258471
258480
127408
127413
258489
127424
389578
258509
127441
127442
258514
258517
127445
258521
127450
127468
389614
127471
127475
258550
389627
389630
127493
127495
127497
127500
127501
127505
127509
258582
258585
127517
127519
127531
127533
389677
31120
127540
258614
127543
127544
127546
258630
258631
389704
127564
127570
258650
258656
127585
258665
127594
258673
127602
127609
127613
127614
258691
127623
127624
127642
127651
127668
258749
258750
258751
258755
127687
127688
258771
127702
389868
127728
258800
258805
258809
389882
127744
258820
127752
127756
258830
127760
127762
127763
127770
258843
127776
258867
127798
127803
127804
127808
127812
127815
389972
258906
258907
127843
127846
127847
127849
389995
127853
127856
127862
127864
127866
127867
258945
258947
127878
127880
127884
127891
127894
390040
390043
127901
127905
390051
390053
390054
390056
127913
390059
127916
390061
127918
390062
127929
259004
259010
259014
259018
127946
259019
127962
127963
127973
127987
259072
259074
259075
128006
128028
128042
128043
128044
128048
128049
259129
128061
128062
259138
128070
128073
259145
128077
128079
128081
128089
259171
128104
259180
128110
259183
128111
128113
259185
128115
128120
128121
128129
128133
128135
128136
259209
128140
128142
128145
128149
390293
128151
128152
390296
128154
390298
390295
128158
259231
259233
128169
128174
259246
390319
128177
259250
390326
259261
128190
390341
390343
259271
128201
128206
128207
128209
390353
390357
390358
128215
128216
259292
390364
259300
128229
128230
390376
128237
390381
259311
128241
259316
128244
128246
128248
390392
128250
390396
259325
128253
390401
390403
390407
128264
390409
390410
128268
128270
128276
128284
259358
390437
128295
128298
128309
128311
259387
259389
259395
128333
128338
128339
128341
128353
390497
128360
128364
128368
390512
390520
259453
390526
259460
128395
128396
259468
390540
390547
128410
128412
128414
128437
390582
390584
128442
390587
390590
390592
128475
259550
259557
259562
390641
259570
128499
128508
128513
259593
128523
390669
259610
259611
259616
128546
128555
128557
128563
128565
128569
128571
259645
128578
128588
390734
128595
128598
390744
390745
390747
128606
259679
128612
128614
259690
259693
259694
390766
259695
128625
128630
390777
128634
128637
128638
390782
128644
128645
259719
259720
128655
259728
128657
128669
128671
128682
390837
128701
128714
128722
128728
390880
390883
128741
128756
259830
259835
128766
128767
259838
259843
128779
128780
390930
128787
128795
128797
390959
259894
128825
128826
128831
259910
259912
128842
390989
128846
128847
128848
390991
128851
259924
128854
128856
128857
391004
128862
128866
259943
128873
128876
259949
128882
259954
259956
259958
128888
259963
128891
128892
391039
128899
128900
259985
259993
391069
259997
259999
260001
128937
128939
391088
128946
128947
260030
128960
260034
260042
128979
260056
128990
260063
260064
129006
129009
260090
260094
129047
129062
129067
260156
129084
129089
260163
260168
260176
260182
129112
129115
129119
129129
260203
129139
260211
260234
129165
260240
129175
260285
129229
391375
129237
260310
260312
260313
129251
391402
391416
260346
129277
260352
391438
260372
129303
129311
260397
260399
260401
260402
129332
391477
260409
391484
391486
129359
129360
129363
260435
129370
260448
260452
129383
129385
129400
129415
129417
129418
391566
129427
260500
129432
391578
129437
391581
260514
260522
129455
260535
391617
391618
129477
391626
391628
391629
260567
391642
129507
260583
260584
129517
129518
391663
129530
129531
129533
129535
129542
129552
129553
391698
391700
129564
391709
391710
391713
260646
391719
129577
129579
260666
260672
260677
129609
260681
391757
129627
129628
391778
391779
129657
391804
129670
129682
260765
260785
260794
391872
129731
129734
260807
260817
129745
260826
391899
391901
260830
260835
260839
260840
260848
260852
260857
260860
129798
260872
129806
260883
260884
391955
260886
129815
260888
391962
260891
129820
260893
260896
260899
260900
129830
391975
260909
260910
260912
260914
129847
260921
129850
129851
391995
129854
260928
260929
392001
129863
129865
392011
392012
129870
260947
129882
260969
392044
392046
260979
260982
392058
392067
260999
261005
129933
129937
261010
129941
129942
129943
392091
261023
129953
261033
261035
261036
261037
129966
261039
261041
129974
261047
392124
261056
392142
130002
261077
392153
130015
130018
130024
261101
261102
261103
261112
130050
130055
261129
130062
392207
130064
261144
261157
130090
130098
130100
130102
261192
130124
392269
392271
261202
130134
261207
130150
261229
261246
261249
261258
130191
392344
261273
261274
130233
130241
392386
130243
25891
130267
130269
130272
392418
130275
130278
261359
392437
130296
392440
130300
261375
261392
130322
261409
261410
261414
130342
261419
130358
261433
261439
130374
130385
261461
130390
261462
392536
130398
130401
130402
392553
392554
130410
130424
130425
130426
392572
261508
130436
392588
130450
130452
130457
130458
130461
261538
392615
130474
392628
392629
261562
130492
130507
392655
130515
392660
130544
261617
392734
130593
130602
130609
130612
261684
130623
130624
130627
130629
130633
130638
130639
392788
392790
130650
392794
130652
392795
392807
392809
392812
392817
392818
392820
130677
392832
261768
130703
130717
130719
261794
130736
261810
130739
392882
392885
261814
130742
261815
130745
261817
130747
261820
261818
130750
261823
261824
261825
130754
392891
392898
130748
261830
130774
261855
261857
261860
130798
261871
261874
130802
261884
130813
130816
392961
130824
261899
261906
261909
392982
392985
130841
261930
393003
130866
130867
130881
130882
261953
130885
130886
130889
261961
261963
130900
130917
130925
393070
130933
393079
262009
130948
130957
130973
130976
130980
130989
393134
130993
393158
262088
131027
393172
131039
393184
262113
131045
262120
262123
393196
262137
